hotel_id,hotel_name,city,country,latitude,longitude,period,period_type,aspect,positive_mentions,negative_mentions,total_mentions,total_reviews,raw_net,smoothed_net,mean_reviewer_score,measurement_reliability,prior_strength
816e484bdc86ce32,Hotel Stefanie,Vienna,Austria,48.2142766,16.3801779,2016Q3,quarter,value,11,4,15,128,0.4666666666666667,0.28,9.435156249999997,0.6,10.0
55785934e4415281,Hotel Park Villa,Vienna,Austria,,,2016Q1,quarter,breakfast,2,1,3,6,0.3333333333333333,0.07692307692307687,9.049999999999999,0.23076923076923078,10.0
bc3d3e99c9adfac1,St Pancras Renaissance Hotel London,London,United Kingdom,51.5267769,-0.1324905,2017Q1,quarter,breakfast,13,12,25,133,0.04,0.02857142857142847,8.889473684210527,0.7142857142857143,10.0
2765ba089be8f2b2,Nottingham Place Hotel,London,United Kingdom,51.522143,-0.153385,2015Q4,quarter,service,20,2,22,45,0.8181818181818182,0.5625,7.597777777777774,0.6875,10.0
00f99d732f95a84a,Amarante Beau Manoir,Paris,France,48.870994,2.3235329,2015Q3,quarter,value,0,0,0,19,,0.0,6.0,0.0,10.0
37bdad970d57b156,Sina De La Ville,Milan,Italy,45.465957,9.192297,2016Q4,quarter,value,0,3,3,28,-1.0,-0.23076923076923073,8.575000000000001,0.23076923076923078,10.0
84e6b85dd412c0d4,Vincci Maritimo,Barcelona,Spain,41.4082054,2.2124626,2016Q2,quarter,location,24,4,28,48,0.7142857142857143,0.5263157894736843,8.050000000000002,0.7368421052631579,10.0
54cfcb5273954f80,Hazlitt s,London,United Kingdom,51.5143447,-0.1318157,2016Q4,quarter,service,8,1,9,30,0.7777777777777778,0.368421052631579,9.086666666666668,0.47368421052631576,10.0
c26fb01484ffaf5b,The RE London Shoreditch,London,United Kingdom,51.531979,-0.061598,2015Q4,quarter,cleanliness,27,2,29,90,0.8620689655172413,0.641025641025641,7.547777777777778,0.7435897435897436,10.0
fb48c50015b5a8dd,Hotel Park Lane Paris,Paris,France,48.8745879,2.3188143,2016Q3,quarter,noise,0,0,0,9,,0.0,8.666666666666664,0.0,10.0
fb833aae20b851d7,Hotel Marconi,Milan,Italy,45.4868744,9.2018407,2015Q4,quarter,noise,1,2,3,24,-0.3333333333333333,-0.07692307692307687,7.1499999999999995,0.23076923076923078,10.0
1c55a014751c03d9,Best Western Premier Faubourg 88,Paris,France,48.8776756,2.3493159,2016Q3,quarter,cleanliness,3,4,7,36,-0.14285714285714285,-0.05882352941176472,7.983333333333334,0.4117647058823529,10.0
51bd8e602c730b26,Grand Hotel Central,Barcelona,Spain,41.3849695,2.1776631,2015Q4,quarter,room,9,11,20,32,-0.1,-0.06666666666666665,9.071875000000002,0.6666666666666666,10.0
96dbfead493657c2,H tel L Echiquier Op ra Paris MGallery by Sofitel,Paris,France,48.8719889,2.3492913,2017Q2,quarter,breakfast,6,2,8,14,0.5,0.22222222222222232,9.085714285714284,0.4444444444444444,10.0
00b19bc836502cb6,citizenM Amsterdam,Amsterdam,Netherlands,52.3419432,4.8759604,2015Q4,quarter,breakfast,17,11,28,169,0.21428571428571427,0.1578947368421053,8.920710059171592,0.7368421052631579,10.0
229a9f96f3844c35,Hotel Midmost,Barcelona,Spain,41.3856173,2.1659487,2017Q2,quarter,room,10,3,13,20,0.5384615384615384,0.30434782608695654,9.32,0.5652173913043478,10.0
38beefc05895499f,Le Cinq Codet,Paris,France,48.8547869,2.3084819,2015Q3,quarter,location,8,1,9,18,0.7777777777777778,0.368421052631579,8.872222222222222,0.47368421052631576,10.0
d48d5492eb67d535,Hotel Wagner,Milan,Italy,45.4684949,9.1550355,2016Q3,quarter,room,0,0,0,1,,0.0,9.2,0.0,10.0
f63a8d6efc2f76f9,H tel Belloy Saint Germain By Happyculture,Paris,France,48.8503901,2.3422527,2017Q1,quarter,location,10,2,12,13,0.6666666666666666,0.36363636363636354,8.76153846153846,0.5454545454545454,10.0
d65ec5fdbfe14bbb,Henry VIII,London,United Kingdom,51.5124655,-0.182274,2016Q1,quarter,breakfast,41,26,67,152,0.22388059701492538,0.19480519480519476,6.977631578947364,0.8701298701298701,10.0
615126f32fa11e16,The Ritz London,London,United Kingdom,51.5069446,-0.1415776,2017Q1,quarter,noise,0,1,1,77,-1.0,-0.09090909090909094,9.580519480519486,0.09090909090909091,10.0
74968eef3004668b,DO CO Hotel Vienna,Vienna,Austria,48.2082385,16.3715725,2017Q2,quarter,location,7,2,9,14,0.5555555555555556,0.26315789473684204,8.792857142857143,0.47368421052631576,10.0
610631c2563b0435,Hotel des Tuileries Relais du Silence,Paris,France,48.8661705,2.331561,2015Q4,quarter,value,0,3,3,13,-1.0,-0.23076923076923073,7.892307692307693,0.23076923076923078,10.0
4af7b06dc7a26ec8,Gainsborough Hotel,London,United Kingdom,51.4948416,-0.1772056,2016Q1,quarter,noise,6,9,15,68,-0.2,-0.12,7.0323529411764705,0.6,10.0
779900ba80ed0740,Residence Du Roy,Paris,France,48.8657687,2.3090386,2016Q2,quarter,service,17,1,18,42,0.8888888888888888,0.5714285714285714,8.773809523809526,0.6428571428571429,10.0
ac15e1e7b5f97f74,Hotel Best Western PLUS Alfa Aeropuerto,Barcelona,Spain,41.3283758,2.1129638,2016Q2,quarter,service,35,4,39,80,0.7948717948717948,0.6326530612244898,7.881250000000003,0.7959183673469388,10.0
4905f8d3a31578d0,Saint Georges Hotel,London,United Kingdom,51.517839,-0.1424476,2016Q3,quarter,value,11,9,20,96,0.1,0.06666666666666665,7.568750000000001,0.6666666666666666,10.0
a5ce10a39a7a83d1,Forest Hill Paris la Villette,Paris,France,48.8969854,2.3852745,2016Q4,quarter,cleanliness,7,3,10,38,0.4,0.19999999999999996,6.955263157894739,0.5,10.0
389a18e5d76b5875,Eurostars Ramblas,Barcelona,Spain,41.3780983,2.1762005,2016Q4,quarter,cleanliness,2,1,3,24,0.3333333333333333,0.07692307692307687,8.129166666666665,0.23076923076923078,10.0
0d9893e9b26cba71,Op ra Marigny,Paris,France,48.871723,2.3235377,2016Q3,quarter,value,3,2,5,22,0.2,0.06666666666666665,7.8136363636363635,0.3333333333333333,10.0
e9103eb8593b29ef,Mercure Paris Arc de Triomphe Etoile,Paris,France,48.8782679,2.294852,2016Q3,quarter,value,0,0,0,4,,0.0,7.625,0.0,10.0
197fd88e6b4ffbdc,Dikker en Thijs Fenice Hotel,Amsterdam,Netherlands,52.364971,4.8839827,2017Q2,quarter,location,38,6,44,62,0.7272727272727273,0.5925925925925926,8.8,0.8148148148148148,10.0
f3e9fb2feeb21155,Hotel Crivi s,Milan,Italy,45.4529643,9.1962217,2017Q2,quarter,service,7,6,13,12,0.07692307692307693,0.04347826086956519,6.966666666666666,0.5652173913043478,10.0
1a8be1fb32d136e5,Der Wilhelmshof,Vienna,Austria,48.2185837,16.3881339,2015Q4,quarter,location,21,4,25,39,0.68,0.48571428571428577,8.87948717948718,0.7142857142857143,10.0
8238668a813c8692,The Wellesley Knightsbridge a Luxury Collection Hotel London,London,United Kingdom,51.502485,-0.1539265,2017Q1,quarter,location,1,0,1,5,1.0,0.09090909090909083,9.680000000000001,0.09090909090909091,10.0
c613400b3bacc7dc,Ilunion Barcelona,Barcelona,Spain,41.3989322,2.2024183,2016Q3,quarter,location,60,5,65,110,0.8461538461538461,0.7333333333333334,7.888181818181819,0.8666666666666667,10.0
65c012125a25b33e,Hotel Palais Strudlhof,Vienna,Austria,48.2217697,16.3578738,2017Q3,quarter,location,3,0,3,4,1.0,0.23076923076923084,8.95,0.23076923076923078,10.0
f4ecb6804d1dc7bd,The Zetter Townhouse Marylebone,London,United Kingdom,51.514839,-0.1586656,2016Q4,quarter,value,0,1,1,9,-1.0,-0.09090909090909094,9.177777777777777,0.09090909090909091,10.0
4d576a48b5adc360,The Nadler Victoria,London,United Kingdom,51.4990259,-0.1427453,2017Q1,quarter,service,47,4,51,76,0.8431372549019608,0.7049180327868851,9.448684210526318,0.8360655737704918,10.0
53132845af8c63ac,Shaftesbury Metropolis London Hyde Park,London,United Kingdom,51.5166887,-0.1706147,2017Q2,quarter,location,43,8,51,110,0.6862745098039216,0.5737704918032787,7.696363636363635,0.8360655737704918,10.0
0bfdf08321944294,H tel San R gis,Paris,France,48.8665788,2.3084447,2017Q2,quarter,breakfast,0,2,2,7,-1.0,-0.16666666666666663,8.27142857142857,0.16666666666666666,10.0
77f1d78c14932962,Copthorne Tara Hotel London Kensington,London,United Kingdom,51.499046,-0.1917073,2017Q3,quarter,service,38,21,59,137,0.288135593220339,0.24637681159420288,7.821897810218981,0.855072463768116,10.0
04fa6c1ecd337e7d,TRYP Paris Op ra,Paris,France,48.8713619,2.3426375,2015Q4,quarter,breakfast,0,0,0,8,,0.0,7.425000000000001,0.0,10.0
84105cb6b7bcf23b,Milan Suite Hotel,Milan,Italy,45.5000245,9.1428722,2016Q2,quarter,noise,0,0,0,14,,0.0,8.914285714285713,0.0,10.0
a9321b953d2a8c8a,W Barcelona,Barcelona,Spain,41.368437,2.1901534,2016Q1,quarter,cleanliness,1,3,4,47,-0.5,-0.1428571428571429,8.78936170212766,0.2857142857142857,10.0
c3e44a1d7b3d16d8,Grand Hotel Downtown,Amsterdam,Netherlands,52.36513,4.8729422,2015Q3,quarter,service,5,4,9,30,0.1111111111111111,0.05263157894736836,7.340000000000001,0.47368421052631576,10.0
01650eb9edd0c54b,Hilton Vienna Danube Waterfront,Vienna,Austria,48.2140659,16.4217627,2016Q1,quarter,service,13,4,17,40,0.5294117647058824,0.33333333333333326,8.137500000000003,0.6296296296296297,10.0
ae15d48d3b94753a,Hotel Advance,Barcelona,Spain,,,2017Q1,quarter,value,0,0,0,5,,0.0,8.68,0.0,10.0
a3dfc01bc2c5f217,Capri by Fraser Barcelona,Barcelona,Spain,41.3976233,2.188975,2017Q1,quarter,breakfast,14,6,20,61,0.4,0.2666666666666666,8.85081967213115,0.6666666666666666,10.0
ebe541c183b41f92,Bilderberg Hotel Jan Luyken,Amsterdam,Netherlands,52.3599196,4.8810128,2016Q3,quarter,noise,3,4,7,47,-0.14285714285714285,-0.05882352941176472,8.506382978723407,0.4117647058823529,10.0
ea528a31020a70b0,Courthouse Hotel Shoreditch,London,United Kingdom,51.5273442,-0.0796152,2017Q1,quarter,breakfast,6,4,10,62,0.2,0.10000000000000009,9.161290322580644,0.5,10.0
1b57ab9c54b7e499,Mercure Barcelona Condor,Barcelona,Spain,41.3999934,2.1452467,2016Q3,quarter,value,2,1,3,12,0.3333333333333333,0.07692307692307687,7.991666666666666,0.23076923076923078,10.0
dccd1e2cdcdb0d2e,Hotel Monge,Paris,France,48.8447938,2.3524462,2017Q3,quarter,value,1,0,1,7,1.0,0.09090909090909083,9.342857142857143,0.09090909090909091,10.0
7c1353a2c2cc5de4,ADI Hotel Poliziano Fiera,Milan,Italy,45.4837173,9.1649371,2017Q2,quarter,room,8,8,16,18,0.0,0.0,7.533333333333333,0.6153846153846154,10.0
35c377b6e95f0cc2,Villa Montparnasse,Paris,France,48.8349272,2.3295913,2015Q3,quarter,value,0,0,0,2,,0.0,6.05,0.0,10.0
f8fd31c2a1931a8b,The Dylan Amsterdam,Amsterdam,Netherlands,52.3654686,4.8798713,2017Q2,quarter,noise,0,1,1,11,-1.0,-0.09090909090909094,9.327272727272728,0.09090909090909091,10.0
849c53491de5836d,La Maison Champs Elys es,Paris,France,48.866676,2.3089908,2016Q4,quarter,service,5,2,7,9,0.42857142857142855,0.17647058823529416,8.666666666666666,0.4117647058823529,10.0
0fb1fc5694908e68,Claridge s,London,United Kingdom,51.5125035,-0.1477438,2016Q4,quarter,cleanliness,0,0,0,13,,0.0,9.499999999999998,0.0,10.0
094ebfee08515745,Mercure Hotel Amsterdam City South,Amsterdam,Netherlands,52.335182,4.9138688,2017Q2,quarter,noise,3,5,8,139,-0.25,-0.11111111111111116,8.31654676258993,0.4444444444444444,10.0
6fa995d415a4edbd,Le M ridien Barcelona,Barcelona,Spain,41.3837453,2.171014,2016Q1,quarter,room,3,2,5,12,0.2,0.06666666666666665,8.374999999999998,0.3333333333333333,10.0
0a96f7a6645d13b5,Elys es R gencia,Paris,France,48.8686434,2.2984054,2015Q4,quarter,cleanliness,6,4,10,42,0.2,0.10000000000000009,8.488095238095237,0.5,10.0
2dd158e8a8dc9906,The Student Hotel Amsterdam City,Amsterdam,Netherlands,52.3546649,4.9131641,2016Q1,quarter,breakfast,6,7,13,85,-0.07692307692307693,-0.04347826086956519,9.016470588235293,0.5652173913043478,10.0
b075567427a291bf,Amadi Panorama Hotel,Amsterdam,Netherlands,52.3588806,4.9886041,2016Q1,quarter,cleanliness,18,7,25,57,0.44,0.3142857142857143,8.580701754385966,0.7142857142857143,10.0
035b69564f87efb6,Eurostars Bcn Design,Barcelona,Spain,41.3907208,2.1660732,2016Q2,quarter,noise,2,4,6,56,-0.3333333333333333,-0.125,8.596428571428573,0.375,10.0
911894cb9fe8df1a,Amadi Park Hotel,Amsterdam,Netherlands,52.364962,4.873495,2016Q4,quarter,room,24,22,46,46,0.043478260869565216,0.03571428571428581,8.230434782608697,0.8214285714285714,10.0
c395621e1b622c33,H tel De Vend me,Paris,France,48.8668564,2.3286339,2016Q2,quarter,cleanliness,0,1,1,12,-1.0,-0.09090909090909094,8.833333333333334,0.09090909090909091,10.0
7e67ddff0e954f27,DoubleTree by Hilton Amsterdam Centraal Station,Amsterdam,Netherlands,52.376752,4.904618,2017Q2,quarter,location,78,10,88,138,0.7727272727272727,0.6938775510204083,8.201449275362322,0.8979591836734694,10.0
1dce6af373324f3a,AC Hotel Sants a Marriott Lifestyle Hotel,Barcelona,Spain,41.3775577,2.1384686,2017Q3,quarter,noise,0,0,0,4,,0.0,8.875,0.0,10.0
05d70c4a5e95bc84,Le Pigalle Hotel,Paris,France,48.8816073,2.3371648,2017Q1,quarter,noise,0,0,0,7,,0.0,8.942857142857141,0.0,10.0
98f09f6fe7c0137c,Austria Trend Hotel Bosei Wien,Vienna,Austria,48.1629737,16.3404024,2017Q3,quarter,noise,4,0,4,22,1.0,0.2857142857142858,8.695454545454545,0.2857142857142857,10.0
b83830477054a88b,Catalonia Rigoletto,Barcelona,Spain,41.385817,2.1256789,2017Q3,quarter,cleanliness,2,1,3,21,0.3333333333333333,0.07692307692307687,8.87142857142857,0.23076923076923078,10.0
303b2eec9c790940,The Ritz Carlton Vienna,Vienna,Austria,48.2022742,16.3762615,2017Q1,quarter,noise,0,0,0,12,,0.0,8.716666666666667,0.0,10.0
5830ed37e84758d4,Best Western Mercedes Arc de Triomphe,Paris,France,48.8848292,2.3035189,2016Q3,quarter,value,1,1,2,7,0.0,0.0,8.22857142857143,0.16666666666666666,10.0
af1263c844c35e0e,H tel De Sers Champs Elys es Paris,Paris,France,48.8683593,2.3002117,2016Q4,quarter,room,4,3,7,11,0.14285714285714285,0.05882352941176472,8.790909090909091,0.4117647058823529,10.0
d48d5492eb67d535,Hotel Wagner,Milan,Italy,45.4684949,9.1550355,2016Q2,quarter,service,2,0,2,2,1.0,0.16666666666666674,7.9,0.16666666666666666,10.0
1e48c258e613fbdf,Petit Palais Hotel De Charme,Milan,Italy,45.4559784,9.1871812,2017Q2,quarter,cleanliness,2,1,3,20,0.3333333333333333,0.07692307692307687,8.180000000000001,0.23076923076923078,10.0
1e3e6fad27db7b6b,Duquesa de Cardona,Barcelona,Spain,41.3798658,2.1805271,2015Q3,quarter,room,12,4,16,29,0.5,0.3076923076923077,8.886206896551725,0.6153846153846154,10.0
23c9e08bba07bb23,H tel Etoile Saint Honor by Happyculture,Paris,France,48.8756508,2.3041568,2015Q3,quarter,cleanliness,0,1,1,15,-1.0,-0.09090909090909094,7.34,0.09090909090909091,10.0
19c4f5bb50d39273,Radisson Blu Edwardian Mercer Street,London,United Kingdom,51.5139275,-0.1271506,2017Q3,quarter,service,16,0,16,26,1.0,0.6153846153846154,9.03461538461538,0.6153846153846154,10.0
dc1d7fec4731f7aa,Grange Clarendon Hotel,London,United Kingdom,51.5197933,-0.1241844,2017Q1,quarter,value,2,4,6,51,-0.3333333333333333,-0.125,8.141176470588235,0.375,10.0
ba3285c16c7a3c55,Hotel Duminy Vendome,Paris,France,48.8654726,2.3292934,2017Q3,quarter,location,3,1,4,4,0.5,0.1428571428571428,8.125,0.2857142857142857,10.0
78ecd800f75c533e,Staunton Hotel B B,London,United Kingdom,51.520378,-0.1303414,2016Q2,quarter,room,17,11,28,30,0.21428571428571427,0.1578947368421053,8.496666666666666,0.7368421052631579,10.0
e0be64fce7db0a10,The Savoy,London,United Kingdom,51.5111922,-0.1194006,2017Q1,quarter,value,3,10,13,65,-0.5384615384615384,-0.30434782608695654,9.410769230769233,0.5652173913043478,10.0
573aaedcd3eac57f,Exe Vienna,Vienna,Austria,48.2149414,16.3365285,2015Q3,quarter,location,10,3,13,27,0.5384615384615384,0.30434782608695654,7.462962962962963,0.5652173913043478,10.0
e3374cca5ea0cf25,Hilton London Green Park,London,United Kingdom,51.5064534,-0.1456146,2015Q4,quarter,room,6,35,41,52,-0.7073170731707317,-0.5686274509803921,7.280769230769233,0.803921568627451,10.0
21cc1295894a3f5c,NH Hesperia Barcelona del Mar,Barcelona,Spain,41.4014399,2.2100745,2015Q3,quarter,location,11,2,13,18,0.6923076923076923,0.3913043478260869,8.711111111111114,0.5652173913043478,10.0
3c89d62ed98df3f3,Grange White Hall Hotel,London,United Kingdom,51.5203469,-0.1260893,2017Q1,quarter,breakfast,1,6,7,35,-0.7142857142857143,-0.2941176470588235,8.38,0.4117647058823529,10.0
0b6caa07f1b1a1d7,The Arch London,London,United Kingdom,51.5159214,-0.1598794,2016Q2,quarter,room,4,3,7,12,0.14285714285714285,0.05882352941176472,9.383333333333335,0.4117647058823529,10.0
4a05079bdd0b6269,Hotel JL No76,Amsterdam,Netherlands,52.3595919,4.8801587,2017Q1,quarter,room,15,10,25,33,0.2,0.1428571428571428,9.339393939393942,0.7142857142857143,10.0
80d7774dad96b78c,Saint SHERMIN bed breakfast champagne,Vienna,Austria,48.1978409,16.367087,2016Q4,quarter,noise,2,2,4,13,0.0,0.0,8.5,0.2857142857142857,10.0
93ff0ff244c534f6,Les Matins de Paris Spa,Paris,France,48.878932,2.3394182,2016Q4,quarter,noise,0,0,0,4,,0.0,8.45,0.0,10.0
e417a1f1adfad634,Holiday Inn Amsterdam Arena Towers,Amsterdam,Netherlands,52.3096835,4.9422614,2016Q4,quarter,service,11,3,14,37,0.5714285714285714,0.33333333333333326,8.729729729729728,0.5833333333333334,10.0
ccaf0d02c34ecbc1,Best Western Premier Kaiserhof Wien,Vienna,Austria,48.1975497,16.3686397,2017Q2,quarter,location,18,2,20,43,0.8,0.5333333333333334,9.351162790697677,0.6666666666666666,10.0
b1bf88676e14d08a,Hotel Nestroy Wien,Vienna,Austria,48.2178332,16.3821636,2016Q1,quarter,cleanliness,2,0,2,4,1.0,0.16666666666666674,7.824999999999999,0.16666666666666666,10.0
ccaf0d02c34ecbc1,Best Western Premier Kaiserhof Wien,Vienna,Austria,48.1975497,16.3686397,2017Q1,quarter,breakfast,19,1,20,31,0.9,0.6000000000000001,9.19032258064516,0.6666666666666666,10.0
40cf3c3da0989ca8,Arthotel ANA Boutique Six,Vienna,Austria,48.1941905,16.3462578,2016Q1,quarter,location,23,3,26,38,0.7692307692307693,0.5555555555555556,8.426315789473684,0.7222222222222222,10.0
05abf8a796dc7630,UNA Hotel Century,Milan,Italy,45.4841371,9.2001623,2015Q3,quarter,breakfast,14,4,18,46,0.5555555555555556,0.3571428571428572,8.77608695652174,0.6428571428571429,10.0
44828c96327c02f9,H tel Vernet,Paris,France,48.871859,2.2978177,2017Q3,quarter,value,0,1,1,1,-1.0,-0.09090909090909094,8.3,0.09090909090909091,10.0
f02a389723bf350e,H tel Du Jeu De Paume,Paris,France,48.8520377,2.3557092,2015Q3,quarter,location,7,0,7,9,1.0,0.41176470588235303,8.266666666666667,0.4117647058823529,10.0
fad3a48e2fdf47c4,Maison Albar Hotel Paris Op ra Diamond,Paris,France,,,2016Q4,quarter,room,20,8,28,37,0.42857142857142855,0.3157894736842106,9.156756756756756,0.7368421052631579,10.0
e743dc4f94b9c0b0,Villa Beaumarchais,Paris,France,48.8589516,2.3670407,2015Q3,quarter,service,19,6,25,35,0.52,0.37142857142857144,8.151428571428571,0.7142857142857143,10.0
a86353c8a5b44c0a,Hotel Trianon Rive Gauche,Paris,France,48.8487675,2.3410376,2017Q2,quarter,cleanliness,3,3,6,40,0.0,0.0,8.472500000000004,0.375,10.0
4d1fa033cebf6037,Courtyard by Marriott Vienna Prater Messe,Vienna,Austria,48.2130607,16.4133973,2015Q3,quarter,room,5,4,9,9,0.1111111111111111,0.05263157894736836,8.255555555555555,0.47368421052631576,10.0
89060c4b51923b87,H tel Arvor Saint Georges,Paris,France,48.8785454,2.3384866,2017Q2,quarter,breakfast,1,0,1,9,1.0,0.09090909090909083,9.322222222222223,0.09090909090909091,10.0
6fa24c511ad0eafe,Nolinski Paris,Paris,France,48.8654874,2.3348924,2017Q3,quarter,location,4,0,4,12,1.0,0.2857142857142858,9.633333333333335,0.2857142857142857,10.0
44daf773e97abf4b,Mandarin Oriental Barcelona,Barcelona,Spain,41.391393,2.1668467,2017Q1,quarter,location,7,0,7,8,1.0,0.41176470588235303,9.3875,0.4117647058823529,10.0
365726ae14ee7e6a,Hotel Sunflower,Milan,Italy,45.498503,9.1664111,2016Q4,quarter,location,1,1,2,9,0.0,0.0,6.511111111111111,0.16666666666666666,10.0
39fd5416adb53c55,Hotel Stendhal Place Vend me Paris MGallery by Sofitel,Paris,France,48.8681455,2.3313064,2016Q3,quarter,service,3,1,4,6,0.5,0.1428571428571428,9.583333333333334,0.2857142857142857,10.0
390b04e08b2bccab,NH Barcelona Stadium,Barcelona,Spain,41.3812574,2.1269078,2017Q2,quarter,breakfast,4,1,5,20,0.6,0.19999999999999996,7.425,0.3333333333333333,10.0
486405101a831846,H tel Madison by MH,Paris,France,48.8531641,2.3344097,2016Q3,quarter,location,8,0,8,13,1.0,0.4444444444444444,8.700000000000001,0.4444444444444444,10.0
0fb1fc5694908e68,Claridge s,London,United Kingdom,51.5125035,-0.1477438,2016Q1,quarter,location,5,0,5,34,1.0,0.33333333333333326,9.397058823529411,0.3333333333333333,10.0
c696fbb342cdb58b,AC Hotel Barcelona Forum a Marriott Lifestyle Hotel,Barcelona,Spain,41.4101306,2.2188047,2015Q4,quarter,room,6,8,14,18,-0.14285714285714285,-0.08333333333333337,8.194444444444445,0.5833333333333334,10.0
65938422d890568f,K K Hotel George,London,United Kingdom,51.4918878,-0.1949706,2016Q4,quarter,breakfast,18,5,23,65,0.5652173913043478,0.39393939393939403,8.306153846153848,0.696969696969697,10.0
f5af11ef65a6d087,Best Western Premier Hotel Couture,Amsterdam,Netherlands,52.3511137,4.8411629,2015Q3,quarter,service,41,28,69,159,0.18840579710144928,0.16455696202531644,8.58930817610062,0.8734177215189873,10.0
1e64ed7869f85ae8,Novotel Wien City,Vienna,Austria,48.2134246,16.3831309,2016Q1,quarter,cleanliness,2,2,4,25,0.0,0.0,8.128,0.2857142857142857,10.0
29b6cf85154de954,Hotel Montalembert,Paris,France,48.8567042,2.3277805,2016Q4,quarter,noise,1,1,2,6,0.0,0.0,8.05,0.16666666666666666,10.0
9ac560471984a6cf,Hotel de Seze,Paris,France,48.8705741,2.3264194,2016Q2,quarter,value,0,0,0,6,,0.0,9.316666666666666,0.0,10.0
25705823d34c89e7,Das Triest Hotel,Vienna,Austria,48.1974036,16.3673003,2016Q1,quarter,service,1,1,2,4,0.0,0.0,8.125,0.16666666666666666,10.0
4d1aedb541ee47ac,Apex London Wall Hotel,London,United Kingdom,51.5160484,-0.0880181,2017Q3,quarter,cleanliness,1,0,1,20,1.0,0.09090909090909083,9.594999999999999,0.09090909090909091,10.0
23bfb6c2a3a19654,Axel Hotel Barcelona Urban Spa Adults Only,Barcelona,Spain,41.3873478,2.1603987,2017Q1,quarter,location,23,1,24,48,0.9166666666666666,0.6470588235294117,8.66666666666667,0.7058823529411765,10.0
ea528a31020a70b0,Courthouse Hotel Shoreditch,London,United Kingdom,51.5273442,-0.0796152,2017Q2,quarter,value,3,10,13,70,-0.5384615384615384,-0.30434782608695654,8.708571428571432,0.5652173913043478,10.0
59ec8a94cb8f6b0c,Hotel Le Mareuil,Paris,France,48.8659899,2.3674149,2015Q3,quarter,room,3,3,6,6,0.0,0.0,8.7,0.375,10.0
12a3bfe8c0821d20,London Marriott Maida Vale,London,United Kingdom,51.5357597,-0.1902591,2016Q3,quarter,service,10,5,15,32,0.3333333333333333,0.19999999999999996,7.737500000000001,0.6,10.0
89fa6bc1041feee3,Hotel D Este,Milan,Italy,45.4510397,9.1920911,2016Q3,quarter,service,6,4,10,14,0.2,0.10000000000000009,7.392857142857144,0.5,10.0
307d13097f262efe,Hotel Vondel Amsterdam,Amsterdam,Netherlands,52.3625662,4.8779225,2016Q3,quarter,service,32,6,38,59,0.6842105263157895,0.5416666666666667,8.128813559322037,0.7916666666666666,10.0
7eabed9e42ac413f,The Trafalgar Hilton,London,United Kingdom,51.507374,-0.129135,2015Q3,quarter,breakfast,3,2,5,36,0.2,0.06666666666666665,8.272222222222224,0.3333333333333333,10.0
a819970bc093a57f,Draycott Hotel,London,United Kingdom,51.4930097,-0.159715,2017Q1,quarter,cleanliness,0,2,2,8,-1.0,-0.16666666666666663,8.75,0.16666666666666666,10.0
bef47f3cfc707354,Avo Hotel,London,United Kingdom,51.5460628,-0.0700817,2016Q2,quarter,breakfast,1,2,3,20,-0.3333333333333333,-0.07692307692307687,8.139999999999999,0.23076923076923078,10.0
89fa6bc1041feee3,Hotel D Este,Milan,Italy,45.4510397,9.1920911,2017Q3,quarter,room,3,2,5,4,0.2,0.06666666666666665,7.5249999999999995,0.3333333333333333,10.0
bebd8343d3f7d39e,Phileas Hotel,Paris,France,48.8768854,2.3270623,2015Q4,quarter,noise,2,2,4,34,0.0,0.0,8.917647058823531,0.2857142857142857,10.0
69b02fe7a01bbcda,Hilton Garden Inn Milan North,Milan,Italy,45.5161671,9.2272778,2017Q1,quarter,noise,0,3,3,28,-1.0,-0.23076923076923073,8.464285714285715,0.23076923076923078,10.0
f904bda85fb7c4ca,Novotel Paris Gare De Lyon,Paris,France,48.8453785,2.3753036,2016Q2,quarter,cleanliness,9,1,10,50,0.8,0.3999999999999999,8.588000000000001,0.5,10.0
63ce94f8a1cf41e2,Albus Hotel Amsterdam City Centre,Amsterdam,Netherlands,52.365823,4.893243,2016Q2,quarter,value,2,5,7,38,-0.42857142857142855,-0.17647058823529416,8.128947368421056,0.4117647058823529,10.0
2e660ba7a5f1baad,Hotel mbit Barcelona,Barcelona,Spain,41.3907821,2.1717426,2016Q3,quarter,value,0,4,4,50,-1.0,-0.2857142857142857,9.09,0.2857142857142857,10.0
7a28d2b5541e2777,NH Milano Palazzo Moscova,Milan,Italy,45.480968,9.189977,2016Q4,quarter,location,4,1,5,9,0.6,0.19999999999999996,8.499999999999998,0.3333333333333333,10.0
56f10007ddbb9ff5,Mercure Milano Regency,Milan,Italy,45.4897688,9.1549451,2016Q1,quarter,noise,0,0,0,4,,0.0,8.775,0.0,10.0
a51171f60574a6c9,Catalonia Eixample 1864,Barcelona,Spain,41.393599,2.1684151,2016Q4,quarter,cleanliness,8,4,12,43,0.3333333333333333,0.18181818181818188,8.039534883720929,0.5454545454545454,10.0
82676db0501f3c3e,The Ampersand Hotel,London,United Kingdom,51.4943077,-0.1755579,2016Q4,quarter,cleanliness,3,2,5,44,0.2,0.06666666666666665,9.06136363636364,0.3333333333333333,10.0
e08c2652381b98bc,Renaissance Barcelona Hotel,Barcelona,Spain,,,2016Q2,quarter,breakfast,1,1,2,8,0.0,0.0,6.9375,0.16666666666666666,10.0
4d421dab63beec31,Royal Amsterdam Hotel,Amsterdam,Netherlands,52.3657281,4.8972883,2016Q4,quarter,value,1,0,1,18,1.0,0.09090909090909083,7.3666666666666645,0.09090909090909091,10.0
1935e1d516a36767,Villa Alessandra,Paris,France,48.8794223,2.2957628,2017Q1,quarter,breakfast,0,0,0,3,,0.0,5.733333333333333,0.0,10.0
9c76ddaf973548ba,Alma Barcelona GL,Barcelona,Spain,41.3945074,2.1632659,2017Q2,quarter,room,9,6,15,14,0.2,0.1200000000000001,9.157142857142857,0.6,10.0
c4ebcc9a75f87615,Idol Hotel,Paris,France,48.8795369,2.3202966,2015Q4,quarter,cleanliness,2,0,2,12,1.0,0.16666666666666674,8.458333333333332,0.16666666666666666,10.0
a51171f60574a6c9,Catalonia Eixample 1864,Barcelona,Spain,41.393599,2.1684151,2015Q4,quarter,value,1,2,3,22,-0.3333333333333333,-0.07692307692307687,8.890909090909092,0.23076923076923078,10.0
6d99f0fe24d66513,UNA Maison Milano,Milan,Italy,45.4633289,9.1884242,2017Q2,quarter,value,1,1,2,44,0.0,0.0,9.31136363636364,0.16666666666666666,10.0
ad00b45ebe22e54b,NH Milano Touring,Milan,Italy,45.4769167,9.196665,2015Q3,quarter,location,36,4,40,66,0.8,0.6399999999999999,7.912121212121215,0.8,10.0
de59ee3b281c3fc2,Egerton House,London,United Kingdom,51.4968406,-0.1675498,2017Q3,quarter,location,0,0,0,1,,0.0,9.6,0.0,10.0
92924ecfcd5a80a2,The Berkeley,London,United Kingdom,51.5020912,-0.1577795,2017Q2,quarter,value,0,2,2,9,-1.0,-0.16666666666666663,9.044444444444444,0.16666666666666666,10.0
e8b82d3d036ea3dc,Hotel Pulitzer Paris,Paris,France,48.8731996,2.3425446,2016Q4,quarter,service,9,1,10,19,0.8,0.3999999999999999,8.942105263157893,0.5,10.0
88af87fae5d601e7,Artus Hotel by MH,Paris,France,48.8535639,2.3360169,2016Q2,quarter,noise,0,0,0,4,,0.0,9.600000000000001,0.0,10.0
00014379887908bc,H tel Thoumieux,Paris,France,48.8595985,2.3088076,2016Q1,quarter,breakfast,0,0,0,3,,0.0,9.200000000000001,0.0,10.0
44daf773e97abf4b,Mandarin Oriental Barcelona,Barcelona,Spain,41.391393,2.1668467,2016Q2,quarter,noise,0,0,0,12,,0.0,9.766666666666666,0.0,10.0
194bdc723dd2bf5b,Sofitel Legend The Grand Amsterdam,Amsterdam,Netherlands,52.370835,4.895403,2017Q1,quarter,noise,2,0,2,23,1.0,0.16666666666666674,9.469565217391304,0.16666666666666666,10.0
235bbbb80e59e8d7,Danubius Hotel Regents Park,London,United Kingdom,51.529257,-0.168358,2017Q1,quarter,noise,1,3,4,86,-0.5,-0.1428571428571429,8.360465116279068,0.2857142857142857,10.0
373dba71bd6c3719,The Victoria,London,United Kingdom,51.4611219,-0.2756216,2016Q1,quarter,breakfast,3,2,5,10,0.2,0.06666666666666665,8.35,0.3333333333333333,10.0
fbafd3685aee1de5,Steigenberger Hotel Herrenhof,Vienna,Austria,48.2097958,16.3658705,2017Q3,quarter,location,21,0,21,26,1.0,0.6774193548387097,8.953846153846154,0.6774193548387096,10.0
5e25c2c969c6bd2b,Hotel Sanpi Milano,Milan,Italy,45.4777623,9.203169,2016Q1,quarter,location,4,0,4,11,1.0,0.2857142857142858,8.572727272727272,0.2857142857142857,10.0
ce4e132344917948,The Ned,London,United Kingdom,51.5135929,-0.0907833,2017Q2,quarter,room,56,40,96,133,0.16666666666666666,0.15094339622641506,9.159398496240598,0.9056603773584906,10.0
72a17a75f5578ae9,H tel du Minist re,Paris,France,48.8712877,2.3191903,2017Q1,quarter,breakfast,2,2,4,12,0.0,0.0,8.75,0.2857142857142857,10.0
2790258a6dd27887,Occidental Atenea Mar Adults Only,Barcelona,Spain,41.4023621,2.2119049,2016Q2,quarter,noise,3,4,7,65,-0.14285714285714285,-0.05882352941176472,8.43846153846154,0.4117647058823529,10.0
c82279245f4202d4,Park Plaza Westminster Bridge London,London,United Kingdom,51.5009609,-0.1165913,2015Q3,quarter,value,9,20,29,209,-0.3793103448275862,-0.28205128205128205,8.43684210526315,0.7435897435897436,10.0
a516298a83ea37b3,Clayton Crown Hotel London,London,United Kingdom,51.5561548,-0.2141824,2015Q3,quarter,value,5,4,9,67,0.1111111111111111,0.05263157894736836,7.785074626865676,0.47368421052631576,10.0
6d68b2bd1b374ae4,Ako Suites Hotel,Barcelona,Spain,41.3861153,2.1611899,2015Q3,quarter,breakfast,0,1,1,10,-1.0,-0.09090909090909094,8.32,0.09090909090909091,10.0
af46f7946ae60c79,InterContinental London Park Lane,London,United Kingdom,51.5038632,-0.1504132,2017Q1,quarter,cleanliness,1,3,4,18,-0.5,-0.1428571428571429,8.255555555555555,0.2857142857142857,10.0
93ff0ff244c534f6,Les Matins de Paris Spa,Paris,France,48.878932,2.3394182,2017Q1,quarter,location,6,0,6,9,1.0,0.375,7.644444444444444,0.375,10.0
f31bd12ab79f4aae,Best Western Premier Op ra Faubourg Ex Hotel Jules,Paris,France,48.8753359,2.3414617,2015Q4,quarter,cleanliness,0,0,0,34,,0.0,8.211764705882354,0.0,10.0
907880c443b8db9c,Les Jardins Du Marais,Paris,France,48.8605219,2.3680239,2015Q4,quarter,service,5,4,9,11,0.1111111111111111,0.05263157894736836,7.472727272727272,0.47368421052631576,10.0
bd234bb516c2bc43,The Zetter Townhouse Clerkenwell,London,United Kingdom,51.5231564,-0.1035134,2015Q4,quarter,service,3,3,6,7,0.0,0.0,9.257142857142856,0.375,10.0
289995a63e568a6b,Hotel du Petit Moulin,Paris,France,48.8615843,2.3620652,2015Q4,quarter,breakfast,2,0,2,8,1.0,0.16666666666666674,9.2875,0.16666666666666666,10.0
10bf67442e197285,LaGare Hotel Milano Centrale MGallery by Sofitel,Milan,Italy,45.484237,9.198858,2017Q2,quarter,cleanliness,15,5,20,76,0.5,0.33333333333333326,8.326315789473686,0.6666666666666666,10.0
3ec76141c6c3805f,Mercure Paris Opera Garnier,Paris,France,48.8749511,2.3259532,2017Q2,quarter,value,0,1,1,15,-1.0,-0.09090909090909094,8.533333333333333,0.09090909090909091,10.0
7c7b9edcbd941ad0,Hotel Galileo,Milan,Italy,45.4642651,9.1960569,2017Q1,quarter,value,1,2,3,15,-0.3333333333333333,-0.07692307692307687,7.519999999999999,0.23076923076923078,10.0
507b10fb5d02b3fd,My Chelsea,London,United Kingdom,51.4919083,-0.1684398,2015Q4,quarter,breakfast,3,4,7,56,-0.14285714285714285,-0.05882352941176472,8.360714285714286,0.4117647058823529,10.0
530d1194a1ea1132,H10 Urquinaona Plaza,Barcelona,Spain,41.3892128,2.1726015,2016Q1,quarter,noise,2,6,8,64,-0.5,-0.2222222222222222,9.2359375,0.4444444444444444,10.0
72a17a75f5578ae9,H tel du Minist re,Paris,France,48.8712877,2.3191903,2016Q3,quarter,breakfast,14,8,22,45,0.2727272727272727,0.1875,8.835555555555556,0.6875,10.0
424a7f56f30e82b9,Worldhotel Cristoforo Colombo,Milan,Italy,45.4758842,9.205791,2016Q3,quarter,value,8,4,12,100,0.3333333333333333,0.18181818181818188,9.039000000000005,0.5454545454545454,10.0
e53b4ac719ab9c53,Hotel Louis 2,Paris,France,48.8516148,2.3381293,2017Q2,quarter,value,0,0,0,12,,0.0,8.758333333333335,0.0,10.0
9ff4d7d870234315,Ambassade Hotel,Amsterdam,Netherlands,52.369391,4.8871721,2016Q1,quarter,cleanliness,6,2,8,87,0.5,0.22222222222222232,9.30689655172414,0.4444444444444444,10.0
6bab1d13740b452a,Sansi Pedralbes,Barcelona,Spain,41.39367,2.1115418,2016Q2,quarter,noise,0,0,0,4,,0.0,7.925000000000001,0.0,10.0
21bd3d57654bb89d,Thistle Holborn The Kingsley,London,United Kingdom,51.5179659,-0.1234343,2015Q4,quarter,location,56,10,66,88,0.696969696969697,0.605263157894737,8.368181818181817,0.868421052631579,10.0
e743dc4f94b9c0b0,Villa Beaumarchais,Paris,France,48.8589516,2.3670407,2015Q4,quarter,cleanliness,1,1,2,35,0.0,0.0,8.482857142857146,0.16666666666666666,10.0
27e10ea8cbfa4679,The Marylebone Hotel,London,United Kingdom,51.5180207,-0.1500567,2015Q3,quarter,location,31,0,31,53,1.0,0.7560975609756098,8.95094339622642,0.7560975609756098,10.0
c46646d3364cd889,TheWesley,London,United Kingdom,51.5265353,-0.1361682,2017Q2,quarter,noise,11,10,21,112,0.047619047619047616,0.032258064516129004,7.688392857142856,0.6774193548387096,10.0
2647f670656f5fe2,Waldorf Madeleine,Paris,France,48.8715828,2.3224853,2016Q3,quarter,room,15,18,33,47,-0.09090909090909091,-0.06976744186046513,8.842553191489364,0.7674418604651163,10.0
a819970bc093a57f,Draycott Hotel,London,United Kingdom,51.4930097,-0.159715,2016Q4,quarter,room,9,7,16,18,0.125,0.07692307692307687,8.827777777777778,0.6153846153846154,10.0
43acb8108fdd96cc,The Hoxton Holborn,London,United Kingdom,51.5172398,-0.1220324,2016Q2,quarter,breakfast,16,3,19,74,0.6842105263157895,0.4482758620689655,9.071621621621626,0.6551724137931034,10.0
c7a10c20af359ccf,Catalonia Port,Barcelona,Spain,41.378751,2.17873,2017Q1,quarter,value,2,0,2,15,1.0,0.16666666666666674,8.953333333333335,0.16666666666666666,10.0
3728272126c92bb9,Club Hotel Cortina,Vienna,Austria,48.1877942,16.2727214,2017Q1,quarter,value,2,2,4,7,0.0,0.0,8.228571428571428,0.2857142857142857,10.0
eb525315ef4bfaeb,Le Marquis Eiffel,Paris,France,48.8516619,2.2979395,2016Q4,quarter,service,12,1,13,23,0.8461538461538461,0.4782608695652173,8.652173913043477,0.5652173913043478,10.0
150bf4d4b49632e7,H tel Paris Bastille Boutet MGallery by Sofitel,Paris,France,48.8519215,2.3839993,2017Q2,quarter,room,3,1,4,6,0.5,0.1428571428571428,9.116666666666665,0.2857142857142857,10.0
96b2a929cb3a4efa,Hotel Monceau Wagram,Paris,France,48.8808779,2.2989756,2017Q2,quarter,noise,5,1,6,21,0.6666666666666666,0.25,7.876190476190475,0.375,10.0
ddff2a466b5e5619,Hilton Amsterdam,Amsterdam,Netherlands,52.351381,4.872723,2016Q1,quarter,noise,2,1,3,30,0.3333333333333333,0.07692307692307687,8.593333333333334,0.23076923076923078,10.0
ccbd6cab76b3f3dc,Austria Trend Hotel Park Royal Palace Vienna,Vienna,Austria,48.191339,16.3165873,2016Q2,quarter,noise,2,0,2,39,1.0,0.16666666666666674,8.953846153846154,0.16666666666666666,10.0
de59ee3b281c3fc2,Egerton House,London,United Kingdom,51.4968406,-0.1675498,2017Q3,quarter,cleanliness,0,0,0,1,,0.0,9.6,0.0,10.0
102f1b4d88d03fd0,H tel Exquis by Elegancia,Paris,France,48.8536854,2.3805796,2017Q2,quarter,cleanliness,4,1,5,22,0.6,0.19999999999999996,8.863636363636362,0.3333333333333333,10.0
945cb8e2c53e2839,H tel Le Walt,Paris,France,48.8547161,2.306642,2017Q2,quarter,noise,1,1,2,7,0.0,0.0,8.242857142857144,0.16666666666666666,10.0
5d835f699ccbed92,Hotel Chavanel,Paris,France,48.8721692,2.3262681,2016Q3,quarter,location,0,0,0,3,,0.0,8.9,0.0,10.0
9c6fb18143c534f5,InterContinental Paris Avenue Marceau,Paris,France,48.8706373,2.2982095,2016Q1,quarter,service,3,1,4,4,0.5,0.1428571428571428,7.075,0.2857142857142857,10.0
31e7ee406b7628d7,The Beaumont Hotel,London,United Kingdom,51.513055,-0.152257,2015Q3,quarter,cleanliness,2,0,2,20,1.0,0.16666666666666674,9.404999999999998,0.16666666666666666,10.0
7de99cdce9e34976,London Marriott Hotel Grosvenor Square,London,United Kingdom,51.511579,-0.1500193,2017Q3,quarter,service,5,2,7,8,0.42857142857142855,0.17647058823529416,7.4,0.4117647058823529,10.0
1c6290bcf3cdfc23,The Academy,London,United Kingdom,51.5205441,-0.1308091,2015Q4,quarter,noise,2,0,2,19,1.0,0.16666666666666674,7.747368421052633,0.16666666666666666,10.0
6d11adc13efe63b9,Holiday Inn London Stratford City,London,United Kingdom,51.5426054,-0.0072708,2015Q3,quarter,value,2,5,7,75,-0.42857142857142855,-0.17647058823529416,8.77066666666667,0.4117647058823529,10.0
04050da64945bfdd,Hotel Odeon Saint Germain,Paris,France,48.8513515,2.3375084,2016Q1,quarter,cleanliness,3,2,5,16,0.2,0.06666666666666665,8.7625,0.3333333333333333,10.0
bebd8343d3f7d39e,Phileas Hotel,Paris,France,48.8768854,2.3270623,2015Q4,quarter,value,3,3,6,34,0.0,0.0,8.917647058823531,0.375,10.0
1b928afdc2a86762,Hotel V Fizeaustraat,Amsterdam,Netherlands,52.3451511,4.9252372,2016Q4,quarter,cleanliness,13,3,16,98,0.625,0.3846153846153846,9.393877551020413,0.6153846153846154,10.0
c0bb788934b2c0e5,H tel Victor Hugo Paris Kl ber,Paris,France,48.8690198,2.2891278,2016Q2,quarter,cleanliness,2,0,2,4,1.0,0.16666666666666674,9.375,0.16666666666666666,10.0
ec5f50113df82af4,Hotel Imlauer Wien,Vienna,Austria,48.2176776,16.3821364,2017Q2,quarter,room,6,8,14,21,-0.14285714285714285,-0.08333333333333337,8.5,0.5833333333333334,10.0
6479d0a18e8d0565,Hotel Saint Dominique,Paris,France,48.8599998,2.3087425,2017Q3,quarter,service,3,0,3,5,1.0,0.23076923076923084,9.0,0.23076923076923078,10.0
478ccfd557f9432a,Vienna Marriott Hotel,Vienna,Austria,48.2050967,16.3770928,2015Q3,quarter,noise,0,3,3,17,-1.0,-0.23076923076923073,7.823529411764704,0.23076923076923078,10.0
19cd33d898089027,1K Hotel,Paris,France,48.8639318,2.3658744,2016Q4,quarter,service,4,5,9,18,-0.1111111111111111,-0.052631578947368474,7.644444444444444,0.47368421052631576,10.0
ddce2b2e2bfceca6,Novotel Paris Centre Gare Montparnasse,Paris,France,48.838484,2.3150904,2017Q3,quarter,noise,0,1,1,21,-1.0,-0.09090909090909094,8.085714285714285,0.09090909090909091,10.0
7ba38027ef7f3b06,DoubleTree by Hilton London West End,London,United Kingdom,51.5201065,-0.1221393,2015Q4,quarter,cleanliness,15,14,29,106,0.034482758620689655,0.02564102564102555,8.04622641509434,0.7435897435897436,10.0
b9b10533060bef93,London Hilton on Park Lane,London,United Kingdom,51.5055513,-0.1501698,2016Q1,quarter,breakfast,4,3,7,31,0.14285714285714285,0.05882352941176472,8.293548387096774,0.4117647058823529,10.0
98722ec1e52e869d,Mercure Paris Terminus Nord,Paris,France,48.8794843,2.3556545,2016Q1,quarter,room,55,83,138,177,-0.2028985507246377,-0.18918918918918914,7.454237288135588,0.9324324324324325,10.0
4e6a319e088ae768,The London EDITION,London,United Kingdom,51.5167472,-0.135965,2016Q4,quarter,noise,0,0,0,17,,0.0,9.023529411764706,0.0,10.0
674d4b3743d9defa,Conrad London St James,London,United Kingdom,51.4993927,-0.1329128,2015Q4,quarter,cleanliness,10,0,10,48,1.0,0.5,8.910416666666665,0.5,10.0
717539e5d34ed939,Fleming s Conference Hotel Wien,Vienna,Austria,48.1995177,16.3388225,2016Q4,quarter,room,4,7,11,17,-0.2727272727272727,-0.1428571428571429,8.15294117647059,0.5238095238095238,10.0
e1e862788ec4dd94,H tel Juliana Paris,Paris,France,48.8619373,2.3040298,2017Q3,quarter,value,0,0,0,3,,0.0,8.466666666666667,0.0,10.0
e99702a9a074531a,Hollmann Beletage Design Boutique,Vienna,Austria,48.2105156,16.3760717,2016Q3,quarter,noise,5,0,5,14,1.0,0.33333333333333326,9.828571428571431,0.3333333333333333,10.0
c98d39dace94cc6b,H tel Hor,Paris,France,48.8793427,2.3577745,2017Q3,quarter,value,1,0,1,17,1.0,0.09090909090909083,9.135294117647058,0.09090909090909091,10.0
9524244cf3d99572,Le Mathurin Hotel Spa,Paris,France,48.8732068,2.3239015,2017Q1,quarter,service,7,1,8,13,0.75,0.33333333333333326,9.015384615384617,0.4444444444444444,10.0
eb4e953df9ce0ab8,Mercure Secession Wien,Vienna,Austria,48.200561,16.3647063,2016Q3,quarter,value,0,1,1,26,-1.0,-0.09090909090909094,8.400000000000002,0.09090909090909091,10.0
2b8ce1f02c767efe,Hotel Casa Camper,Barcelona,Spain,41.3832414,2.1685298,2015Q4,quarter,room,12,8,20,39,0.2,0.1333333333333333,9.574358974358974,0.6666666666666666,10.0
2358d5433ef43312,Acca Palace,Milan,Italy,45.5099969,9.1739942,2017Q2,quarter,cleanliness,8,1,9,36,0.7777777777777778,0.368421052631579,8.569444444444443,0.47368421052631576,10.0
24a3da66397bb81f,Catalonia La Pedrera,Barcelona,Spain,41.3986093,2.1625037,2016Q1,quarter,room,5,5,10,14,0.0,0.0,8.907142857142857,0.5,10.0
997c7897f1b6ebee,H tel Raphael,Paris,France,48.8713239,2.2937849,2017Q2,quarter,value,0,1,1,8,-1.0,-0.09090909090909094,8.7625,0.09090909090909091,10.0
e381ef9e2f589990,Hotel De Hallen,Amsterdam,Netherlands,52.3677568,4.8682174,2017Q2,quarter,noise,4,0,4,32,1.0,0.2857142857142858,8.924999999999999,0.2857142857142857,10.0
7026378ed89e1ce8,Hotel degli Arcimboldi,Milan,Italy,45.5257221,9.2150033,2017Q3,quarter,service,21,4,25,55,0.68,0.48571428571428577,8.312727272727276,0.7142857142857143,10.0
ad643f4c270e7521,Roger de Ll ria,Barcelona,Spain,41.3910786,2.1717285,2017Q2,quarter,breakfast,4,3,7,25,0.14285714285714285,0.05882352941176472,8.556000000000001,0.4117647058823529,10.0
a516298a83ea37b3,Clayton Crown Hotel London,London,United Kingdom,51.5561548,-0.2141824,2016Q2,quarter,breakfast,13,13,26,130,0.0,0.0,7.949999999999997,0.7222222222222222,10.0
7aa3344a30731338,Hotel Bellevue Wien,Vienna,Austria,48.2264063,16.3600628,2017Q1,quarter,cleanliness,3,4,7,22,-0.14285714285714285,-0.05882352941176472,7.813636363636365,0.4117647058823529,10.0
3aab64253445c23b,H tel Regina,Paris,France,48.8637503,2.3320406,2016Q4,quarter,breakfast,1,2,3,39,-0.3333333333333333,-0.07692307692307687,9.13846153846154,0.23076923076923078,10.0
7d3a597d549f2009,Hotel Carlton s Montmartre,Paris,France,48.8819068,2.3410005,2015Q3,quarter,service,2,3,5,15,-0.2,-0.06666666666666665,7.666666666666666,0.3333333333333333,10.0
4aabac7daa29f4bd,Hotel Design Secret de Paris,Paris,France,48.8814056,2.3282568,2017Q1,quarter,location,2,0,2,5,1.0,0.16666666666666674,8.5,0.16666666666666666,10.0
286322206c18c649,Le Marceau Bastille,Paris,France,48.8490691,2.3697484,2016Q2,quarter,value,2,2,4,44,0.0,0.0,7.863636363636363,0.2857142857142857,10.0
a412232e0cadbd6f,Relais Du Louvre,Paris,France,48.8592264,2.340996,2015Q4,quarter,room,5,5,10,14,0.0,0.0,8.635714285714284,0.5,10.0
4a532074d82c63f7,H tel Duc De St Simon,Paris,France,48.8560685,2.3236846,2016Q2,quarter,location,6,0,6,13,1.0,0.375,9.046153846153846,0.375,10.0
97148bffda3559f8,Avenida Palace,Barcelona,Spain,41.3891168,2.1671986,2016Q2,quarter,room,34,36,70,89,-0.02857142857142857,-0.025000000000000022,8.491011235955055,0.875,10.0
9d7f698e6ff38b55,Hotel SB Diagonal Zero Barcelona 4 Sup,Barcelona,Spain,41.4111652,2.2192012,2016Q4,quarter,service,31,13,44,79,0.4090909090909091,0.33333333333333326,8.241772151898733,0.8148148148148148,10.0
95c645959d8826c7,Park Hyatt Vienna,Vienna,Austria,48.2105243,16.3683592,2016Q1,quarter,noise,0,0,0,5,,0.0,9.34,0.0,10.0
5a4efbdc904e6072,Hampton by Hilton Amsterdam Centre East,Amsterdam,Netherlands,52.3714428,4.9346331,2017Q1,quarter,breakfast,30,5,35,63,0.7142857142857143,0.5555555555555556,8.400000000000004,0.7777777777777778,10.0
f4ecb6804d1dc7bd,The Zetter Townhouse Marylebone,London,United Kingdom,51.514839,-0.1586656,2017Q2,quarter,cleanliness,1,0,1,9,1.0,0.09090909090909083,9.511111111111111,0.09090909090909091,10.0
2cac1261287610c2,Le Belmont Champs Elys es,Paris,France,48.8691984,2.2979052,2016Q3,quarter,location,6,1,7,8,0.7142857142857143,0.2941176470588236,8.450000000000001,0.4117647058823529,10.0
44daf773e97abf4b,Mandarin Oriental Barcelona,Barcelona,Spain,41.391393,2.1668467,2015Q4,quarter,value,1,0,1,11,1.0,0.09090909090909083,9.327272727272726,0.09090909090909091,10.0
e27927848d610237,Catalonia Barcelona Plaza,Barcelona,Spain,41.3750293,2.1491172,2016Q4,quarter,service,22,8,30,69,0.4666666666666667,0.3500000000000001,8.311594202898553,0.75,10.0
8f7f1b5f0bcffc1e,Uptown Palace,Milan,Italy,45.4574655,9.1919138,2015Q3,quarter,service,19,8,27,46,0.4074074074074074,0.29729729729729737,8.210869565217395,0.7297297297297297,10.0
64ddba5f26341072,Hilton Barcelona,Barcelona,Spain,41.388682,2.1316368,2015Q3,quarter,cleanliness,0,1,1,7,-1.0,-0.09090909090909094,8.700000000000001,0.09090909090909091,10.0
fff09d3717fb7508,Best Western Paris Gare Saint Lazare,Paris,France,48.8803752,2.319591,2015Q4,quarter,breakfast,0,2,2,13,-1.0,-0.16666666666666663,7.953846153846154,0.16666666666666666,10.0
5c2f2b0209b22b12,Royal Ramblas,Barcelona,Spain,41.3842838,2.1707092,2017Q2,quarter,value,4,9,13,81,-0.38461538461538464,-0.21739130434782605,7.940740740740742,0.5652173913043478,10.0
6b99c157be448e3a,Mondrian London,London,United Kingdom,51.5084036,-0.1067988,2016Q1,quarter,service,92,31,123,186,0.4959349593495935,0.4586466165413534,8.948924731182789,0.924812030075188,10.0
f3241063a0b6eede,Villa Opera Drouot,Paris,France,48.8732231,2.3436097,2015Q3,quarter,location,1,0,1,2,1.0,0.09090909090909083,8.3,0.09090909090909091,10.0
39182d14c3f8907e,Hotel Parco di Sch nbrunn Vienna,Vienna,Austria,48.1776236,16.3243588,2016Q4,quarter,cleanliness,1,0,1,8,1.0,0.09090909090909083,6.9,0.09090909090909091,10.0
2dd158e8a8dc9906,The Student Hotel Amsterdam City,Amsterdam,Netherlands,52.3546649,4.9131641,2015Q3,quarter,location,54,13,67,143,0.6119402985074627,0.5324675324675325,8.97972027972028,0.8701298701298701,10.0
d880749e2da29565,Hampshire Hotel Rembrandt Square Amsterdam,Amsterdam,Netherlands,52.3663466,4.8985764,2017Q3,quarter,value,0,2,2,35,-1.0,-0.16666666666666663,8.53142857142857,0.16666666666666666,10.0
98f09f6fe7c0137c,Austria Trend Hotel Bosei Wien,Vienna,Austria,48.1629737,16.3404024,2017Q2,quarter,value,3,3,6,24,0.0,0.0,6.987500000000001,0.375,10.0
0a6988e147778171,DoubleTree by Hilton London Docklands Riverside,London,United Kingdom,51.5043483,-0.0334436,2016Q4,quarter,service,68,44,112,219,0.21428571428571427,0.19672131147540983,7.953424657534243,0.9180327868852459,10.0
6c362afcfd4358c0,Hotel Louvre Montana,Paris,France,48.8644627,2.3318473,2016Q4,quarter,value,0,0,0,3,,0.0,8.866666666666667,0.0,10.0
d6a9d6e8310916a3,First Hotel Paris Tour Eiffel,Paris,France,48.8475112,2.3022198,2016Q3,quarter,cleanliness,3,1,4,11,0.5,0.1428571428571428,8.881818181818181,0.2857142857142857,10.0
7aae46fe8219345b,H10 Universitat,Barcelona,Spain,41.3869565,2.1665338,2015Q3,quarter,cleanliness,6,2,8,34,0.5,0.22222222222222232,8.21176470588235,0.4444444444444444,10.0
faaf45db9637597a,Wilson Boutique Hotel,Barcelona,Spain,41.3944029,2.150194,2016Q2,quarter,value,2,2,4,24,0.0,0.0,9.133333333333335,0.2857142857142857,10.0
1f19d44f6fec8713,STRAF a Member of Design Hotels,Milan,Italy,45.465237,9.191247,2016Q4,quarter,room,6,10,16,24,-0.25,-0.15384615384615385,8.083333333333332,0.6153846153846154,10.0
03a2b4057226714f,Best Western Premier Marais Grands Boulevards,Paris,France,48.8687425,2.3541761,2016Q3,quarter,value,1,5,6,29,-0.6666666666666666,-0.25,8.213793103448277,0.375,10.0
1c6290bcf3cdfc23,The Academy,London,United Kingdom,51.5205441,-0.1308091,2017Q3,quarter,room,21,18,39,45,0.07692307692307693,0.061224489795918435,7.673333333333334,0.7959183673469388,10.0
386fedd969e33f79,Atlantis Hotel Vienna,Vienna,Austria,48.2037451,16.3356767,2016Q4,quarter,cleanliness,15,5,20,50,0.5,0.33333333333333326,8.104,0.6666666666666666,10.0
45bcd9e6bca3ffb2,Mercure Paris Bastille Marais,Paris,France,48.8571207,2.3805581,2017Q1,quarter,noise,0,1,1,5,-1.0,-0.09090909090909094,8.84,0.09090909090909091,10.0
816e484bdc86ce32,Hotel Stefanie,Vienna,Austria,48.2142766,16.3801779,2015Q4,quarter,cleanliness,19,2,21,127,0.8095238095238095,0.5483870967741935,9.06456692913386,0.6774193548387096,10.0
4e2dc7fb4e1525e7,Hotel Balmoral,Barcelona,Spain,41.3961294,2.1551626,2017Q3,quarter,room,3,2,5,8,0.2,0.06666666666666665,7.875000000000001,0.3333333333333333,10.0
17cc2fd4d5893d7e,Crowne Plaza Milan City,Milan,Italy,45.4896727,9.2006406,2017Q2,quarter,value,1,0,1,20,1.0,0.09090909090909083,8.87,0.09090909090909091,10.0
4629d540e64e47bc,Hotel Omm,Barcelona,Spain,41.3962468,2.1609551,2016Q4,quarter,service,2,4,6,7,-0.3333333333333333,-0.125,7.7,0.375,10.0
3117cacbda28544c,Novotel London Tower Bridge,London,United Kingdom,51.5106538,-0.0773676,2016Q1,quarter,noise,1,4,5,46,-0.6,-0.19999999999999996,8.610869565217394,0.3333333333333333,10.0
af46f7946ae60c79,InterContinental London Park Lane,London,United Kingdom,51.5038632,-0.1504132,2017Q2,quarter,value,1,4,5,22,-0.6,-0.19999999999999996,8.33181818181818,0.3333333333333333,10.0
738b70a9cd890837,Park Avenue Baker Street,London,United Kingdom,51.5241452,-0.1609907,2017Q3,quarter,noise,0,0,0,37,,0.0,6.913513513513513,0.0,10.0
bebd8343d3f7d39e,Phileas Hotel,Paris,France,48.8768854,2.3270623,2016Q4,quarter,noise,1,2,3,27,-0.3333333333333333,-0.07692307692307687,8.72962962962963,0.23076923076923078,10.0
af4175caabaa5e67,Club Quarters Hotel Gracechurch,London,United Kingdom,51.5127964,-0.0847973,2017Q2,quarter,cleanliness,22,5,27,141,0.6296296296296297,0.45945945945945943,7.897163120567373,0.7297297297297297,10.0
e743dc4f94b9c0b0,Villa Beaumarchais,Paris,France,48.8589516,2.3670407,2016Q4,quarter,value,2,3,5,33,-0.2,-0.06666666666666665,8.396969696969697,0.3333333333333333,10.0
61f2d9e7cd22714e,W Amsterdam,Amsterdam,Netherlands,52.3727871,4.8900059,2017Q1,quarter,breakfast,3,2,5,65,0.2,0.06666666666666665,8.244615384615388,0.3333333333333333,10.0
77f1d78c14932962,Copthorne Tara Hotel London Kensington,London,United Kingdom,51.499046,-0.1917073,2017Q1,quarter,cleanliness,59,32,91,466,0.2967032967032967,0.26732673267326734,8.20622317596567,0.900990099009901,10.0
8ff614c4626fd27d,Novotel London West,London,United Kingdom,51.4919588,-0.2200956,2016Q1,quarter,location,118,16,134,279,0.7611940298507462,0.7083333333333333,8.597491039426515,0.9305555555555556,10.0
0bd15a99f39d423a,Radisson Blu Edwardian Sussex,London,United Kingdom,51.5144381,-0.1558337,2016Q3,quarter,breakfast,15,4,19,66,0.5789473684210527,0.3793103448275863,7.61515151515152,0.6551724137931034,10.0
897cc6d862df55e3,Hotel Am Schubertring,Vienna,Austria,48.2017277,16.375463,2017Q2,quarter,breakfast,3,0,3,47,1.0,0.23076923076923084,8.751063829787235,0.23076923076923078,10.0
1b352d70162b5b23,Hotel J ger,Vienna,Austria,48.2238463,16.3138357,2016Q2,quarter,room,1,0,1,3,1.0,0.09090909090909083,9.6,0.09090909090909091,10.0
b56f04688d657ba1,Starhotels Tourist,Milan,Italy,45.5266395,9.2131549,2017Q3,quarter,location,5,3,8,11,0.25,0.11111111111111116,8.954545454545455,0.4444444444444444,10.0
f63a8d6efc2f76f9,H tel Belloy Saint Germain By Happyculture,Paris,France,48.8503901,2.3422527,2016Q2,quarter,cleanliness,2,1,3,11,0.3333333333333333,0.07692307692307687,8.081818181818182,0.23076923076923078,10.0
afea47de8e916e42,Ramada Plaza Milano,Milan,Italy,45.501946,9.2277569,2015Q3,quarter,room,14,4,18,24,0.5555555555555556,0.3571428571428572,7.879166666666666,0.6428571428571429,10.0
5a3f36be499a9c17,DoubleTree by Hilton London Victoria,London,United Kingdom,51.49398,-0.143372,2016Q3,quarter,cleanliness,23,12,35,162,0.3142857142857143,0.24444444444444446,8.545061728395059,0.7777777777777778,10.0
cd9cd51274543dda,Ambassadors Bloomsbury,London,United Kingdom,51.5266618,-0.1296571,2016Q2,quarter,value,8,19,27,123,-0.4074074074074074,-0.29729729729729726,8.011382113821139,0.7297297297297297,10.0
06a10508c67025f4,Arenas Atiram Hotels,Barcelona,Spain,41.3904305,2.1262314,2016Q3,quarter,value,1,0,1,16,1.0,0.09090909090909083,8.28125,0.09090909090909091,10.0
4629d540e64e47bc,Hotel Omm,Barcelona,Spain,41.3962468,2.1609551,2017Q1,quarter,noise,1,1,2,18,0.0,0.0,8.666666666666664,0.16666666666666666,10.0
e6b365c24728d43d,Innkeeper s Lodge London Greenwich,London,United Kingdom,51.4801631,-0.0097201,2015Q4,quarter,value,7,6,13,68,0.07692307692307693,0.04347826086956519,8.164705882352944,0.5652173913043478,10.0
6f38dad2dab23287,City Hotel Deutschmeister,Vienna,Austria,,,2015Q3,quarter,noise,0,0,0,7,,0.0,7.742857142857143,0.0,10.0
ba9482692dad1657,Radisson Blu Edwardian Hampshire,London,United Kingdom,51.509963,-0.129797,2015Q4,quarter,breakfast,6,6,12,60,0.0,0.0,8.388333333333334,0.5454545454545454,10.0
8f5fe818c1cb772f,Hotel Ronda Lesseps,Barcelona,Spain,41.408641,2.1478143,2016Q1,quarter,room,3,0,3,5,1.0,0.23076923076923084,8.16,0.23076923076923078,10.0
6c23d578173bb5c3,Hotel La Lanterne,Paris,France,48.8489839,2.348383,2016Q4,quarter,service,2,0,2,5,1.0,0.16666666666666674,9.1,0.16666666666666666,10.0
5b5c3f9f7a84f013,Sunotel Club Central,Barcelona,Spain,41.38793,2.1568061,2017Q2,quarter,location,39,8,47,83,0.6595744680851063,0.5438596491228069,8.544578313253016,0.8245614035087719,10.0
b4ff7fc23035cf53,Hotel Les Bains Paris,Paris,France,48.863828,2.3519345,2017Q1,quarter,room,2,0,2,2,1.0,0.16666666666666674,9.8,0.16666666666666666,10.0
b83830477054a88b,Catalonia Rigoletto,Barcelona,Spain,41.385817,2.1256789,2016Q1,quarter,value,2,4,6,32,-0.3333333333333333,-0.125,8.787500000000001,0.375,10.0
a520d98e1485c84d,Sall s Hotel Pere IV,Barcelona,Spain,41.3969273,2.192267,2015Q4,quarter,room,31,20,51,68,0.21568627450980393,0.180327868852459,7.801470588235296,0.8360655737704918,10.0
980abf5c28bb80cb,Brunelleschi Hotel,Milan,Italy,45.461177,9.191047,2015Q4,quarter,room,14,19,33,59,-0.15151515151515152,-0.11627906976744184,8.208474576271188,0.7674418604651163,10.0
950a2249793318f1,Hotel Bristol,Milan,Italy,45.4845769,9.2065256,2016Q1,quarter,location,2,0,2,4,1.0,0.16666666666666674,7.7,0.16666666666666666,10.0
e1074075b99813d0,The Westin Palace,Milan,Italy,45.4790357,9.199028,2016Q3,quarter,value,3,7,10,36,-0.4,-0.19999999999999996,7.702777777777778,0.5,10.0
804e77328614bdc1,The Bloomsbury Hotel,London,United Kingdom,51.5171671,-0.1290534,2015Q4,quarter,location,34,3,37,67,0.8378378378378378,0.6595744680851063,8.82686567164179,0.7872340425531915,10.0
3b5b890677b3168f,Amp re,Paris,France,48.8848583,2.2997023,2017Q1,quarter,room,18,6,24,37,0.5,0.3529411764705883,8.405405405405407,0.7058823529411765,10.0
00a8070a9eb34993,Hotel Cavour,Milan,Italy,45.4726942,9.1943911,2016Q2,quarter,service,26,5,31,45,0.6774193548387096,0.5121951219512195,8.611111111111112,0.7560975609756098,10.0
b9a2f8dda3f5956b,H tel Duo,Paris,France,48.8581186,2.3529369,2017Q1,quarter,noise,1,3,4,22,-0.5,-0.1428571428571429,8.518181818181818,0.2857142857142857,10.0
509bdb04b0cb84b5,Royal Garden Champs Elysees,Paris,France,48.8757155,2.3038781,2015Q4,quarter,noise,1,0,1,22,1.0,0.09090909090909083,5.681818181818181,0.09090909090909091,10.0
8029d629692769dc,Le Marcel,Paris,France,48.8761376,2.3572681,2017Q1,quarter,room,4,3,7,6,0.14285714285714285,0.05882352941176472,8.416666666666666,0.4117647058823529,10.0
27f2d73615937f54,Mercure Wien Zentrum,Vienna,Austria,48.2114087,16.3746469,2016Q1,quarter,cleanliness,9,1,10,18,0.8,0.3999999999999999,8.555555555555554,0.5,10.0
cf3c773913ea5d66,Hotel Schani Wien,Vienna,Austria,48.1824271,16.3808291,2015Q4,quarter,location,23,11,34,50,0.35294117647058826,0.2727272727272727,8.794000000000002,0.7727272727272727,10.0
044331f2d396479f,Grange Holborn Hotel,London,United Kingdom,51.519616,-0.1218432,2016Q2,quarter,room,11,14,25,40,-0.12,-0.08571428571428574,8.46,0.7142857142857143,10.0
f0bf65bf92b08f38,Eurohotel Diagonal Port,Barcelona,Spain,41.4006708,2.2087844,2016Q2,quarter,cleanliness,2,2,4,11,0.0,0.0,6.372727272727272,0.2857142857142857,10.0
507b10fb5d02b3fd,My Chelsea,London,United Kingdom,51.4919083,-0.1684398,2016Q1,quarter,location,14,1,15,34,0.8666666666666667,0.52,8.320588235294117,0.6,10.0
fce8463c35c4f5bd,Grange Rochester Hotel,London,United Kingdom,51.4942654,-0.1366026,2015Q4,quarter,location,18,0,18,37,1.0,0.6428571428571428,8.075675675675678,0.6428571428571429,10.0
ddce2b2e2bfceca6,Novotel Paris Centre Gare Montparnasse,Paris,France,48.838484,2.3150904,2016Q1,quarter,breakfast,8,2,10,19,0.6,0.30000000000000004,8.668421052631578,0.5,10.0
e47635180de9eb65,Palazzo Segreti,Milan,Italy,45.4672309,9.184154,2017Q1,quarter,location,7,0,7,7,1.0,0.41176470588235303,8.114285714285714,0.4117647058823529,10.0
2f6411119addffe5,Threadneedles Autograph Collection,London,United Kingdom,51.5140208,-0.0854919,2017Q3,quarter,breakfast,0,0,0,2,,0.0,6.8500000000000005,0.0,10.0
7380a8405ded48a7,Novotel Paris 17,Paris,France,48.8920485,2.3023791,2016Q3,quarter,location,4,6,10,26,-0.2,-0.09999999999999998,7.873076923076923,0.5,10.0
4b1fa3b404b0e27b,H tel Mansart Esprit de France,Paris,France,48.8684776,2.3298238,2016Q4,quarter,value,0,0,0,20,,0.0,9.145,0.0,10.0
b29f2cf54f5ea1c3,Simm s Hotel,Vienna,Austria,48.1790835,16.4116997,2015Q4,quarter,service,3,0,3,10,1.0,0.23076923076923084,8.94,0.23076923076923078,10.0
647c41496f97a28e,Le A,Paris,France,48.8723844,2.3088663,2015Q4,quarter,room,4,2,6,8,0.3333333333333333,0.125,9.075,0.375,10.0
373dba71bd6c3719,The Victoria,London,United Kingdom,51.4611219,-0.2756216,2016Q4,quarter,noise,2,2,4,12,0.0,0.0,7.674999999999998,0.2857142857142857,10.0
b2beb8a17d66e770,Little Palace Hotel,Paris,France,48.8675674,2.3539896,2015Q4,quarter,cleanliness,8,1,9,35,0.7777777777777778,0.368421052631579,8.571428571428571,0.47368421052631576,10.0
1155f342d6011264,Hotel Tiziano Park Vita Parcour Gruppo MiniHotels,Milan,Italy,45.4709657,9.1566242,2015Q3,quarter,room,0,2,2,5,-1.0,-0.16666666666666663,8.34,0.16666666666666666,10.0
68f277ffbaa7cc23,Guitart Grand Passage,Barcelona,Spain,41.3936071,2.1504611,2017Q1,quarter,room,4,2,6,8,0.3333333333333333,0.125,7.4875,0.375,10.0
c8c19f5271ada4c0,Austria Trend Hotel Anatol Wien,Vienna,Austria,48.1945774,16.346356,2015Q4,quarter,value,0,1,1,17,-1.0,-0.09090909090909094,8.711764705882352,0.09090909090909091,10.0
e957e4ce93650782,Hotel de Nell,Paris,France,48.8732788,2.3466576,2015Q3,quarter,cleanliness,0,0,0,12,,0.0,8.225,0.0,10.0
1a8be1fb32d136e5,Der Wilhelmshof,Vienna,Austria,48.2185837,16.3881339,2015Q3,quarter,service,19,1,20,23,0.9,0.6000000000000001,8.7,0.6666666666666666,10.0
f78f4f9f9253b23f,Holiday Inn London Kensington Forum,London,United Kingdom,51.4942305,-0.1851141,2017Q2,quarter,noise,10,15,25,232,-0.2,-0.1428571428571429,7.638362068965511,0.7142857142857143,10.0
36c3e51bd45c044d,Hotel Margot House,Barcelona,Spain,41.3918805,2.1660363,2016Q3,quarter,location,4,0,4,9,1.0,0.2857142857142858,9.6,0.2857142857142857,10.0
449c09a7ad8e8dc3,The Montcalm At Brewery London City,London,United Kingdom,51.5208155,-0.0915319,2016Q4,quarter,location,31,16,47,131,0.3191489361702128,0.26315789473684204,8.531297709923663,0.8245614035087719,10.0
7e67ddff0e954f27,DoubleTree by Hilton Amsterdam Centraal Station,Amsterdam,Netherlands,52.376752,4.904618,2016Q3,quarter,value,7,28,35,158,-0.6,-0.4666666666666667,8.575949367088606,0.7777777777777778,10.0
e588fa3bdf7665f5,Hotel Erzherzog Rainer,Vienna,Austria,48.1953229,16.3672882,2017Q2,quarter,service,34,8,42,60,0.6190476190476191,0.5,8.808333333333335,0.8076923076923077,10.0
1a77d2b25cd1e157,TH Street Duomo,Milan,Italy,45.4657568,9.1916674,2017Q1,quarter,cleanliness,0,0,0,1,,0.0,10.0,0.0,10.0
5bd1979b6211fe3e,Austria Trend Hotel Ananas Wien,Vienna,Austria,48.1915401,16.3546263,2015Q3,quarter,value,1,0,1,16,1.0,0.09090909090909083,7.456250000000001,0.09090909090909091,10.0
4aea431c0de9d173,Aparthotel Mariano Cubi Barcelona,Barcelona,Spain,41.3982129,2.1494179,2015Q3,quarter,noise,1,0,1,5,1.0,0.09090909090909083,9.260000000000002,0.09090909090909091,10.0
5e6bf0076adb3faa,NH Danube City,Vienna,Austria,48.2353789,16.4219737,2016Q2,quarter,room,9,3,12,21,0.5,0.2727272727272727,8.41904761904762,0.5454545454545454,10.0
18007f4c03cf348a,Hotel d Orsay Esprit de France,Paris,France,48.8603599,2.3230778,2016Q2,quarter,value,0,0,0,23,,0.0,9.573913043478258,0.0,10.0
aa5b67ad216791b8,Platine Hotel Spa,Paris,France,48.8473459,2.2832408,2016Q1,quarter,cleanliness,1,0,1,4,1.0,0.09090909090909083,9.075,0.09090909090909091,10.0
fe5c511caf6e9c06,Ace Hotel London Shoreditch,London,United Kingdom,51.5254162,-0.0772849,2015Q4,quarter,service,20,5,25,40,0.6,0.4285714285714286,8.852500000000001,0.7142857142857143,10.0
8abf3f8fcd79bcfb,NH Milano Grand Hotel Verdi,Milan,Italy,45.4814923,9.192023,2016Q3,quarter,breakfast,11,1,12,29,0.8333333333333334,0.4545454545454546,8.46206896551724,0.5454545454545454,10.0
d1431feafe959337,Hilton London Paddington,London,United Kingdom,51.515632,-0.175737,2017Q3,quarter,cleanliness,1,1,2,42,0.0,0.0,7.783333333333334,0.16666666666666666,10.0
63ded13afb034709,DoubleTree by Hilton London Ealing,London,United Kingdom,51.511521,-0.290706,2015Q4,quarter,location,27,2,29,81,0.8620689655172413,0.641025641025641,8.627160493827162,0.7435897435897436,10.0
e417a1f1adfad634,Holiday Inn Amsterdam Arena Towers,Amsterdam,Netherlands,52.3096835,4.9422614,2015Q4,quarter,room,13,8,21,32,0.23809523809523808,0.16129032258064524,8.29375,0.6774193548387096,10.0
6334cfffc8d791c9,Batty Langley s,London,United Kingdom,51.5208575,-0.0779503,2016Q1,quarter,noise,5,0,5,50,1.0,0.33333333333333326,9.446000000000002,0.3333333333333333,10.0
fa2b50d9a4ea88d4,Le Senat,Paris,France,48.8491427,2.3397118,2015Q4,quarter,service,5,1,6,8,0.6666666666666666,0.25,8.5125,0.375,10.0
2a08b7c8b18c4086,Holiday Inn Paris Montparnasse Pasteur,Paris,France,48.8376887,2.3063102,2015Q4,quarter,value,1,0,1,4,1.0,0.09090909090909083,6.575,0.09090909090909091,10.0
54cfcb5273954f80,Hazlitt s,London,United Kingdom,51.5143447,-0.1318157,2017Q3,quarter,room,6,2,8,10,0.5,0.22222222222222232,8.930000000000001,0.4444444444444444,10.0
4ada0c26db4b3380,Hotel 55,London,United Kingdom,51.5213303,-0.2915052,2015Q4,quarter,value,6,4,10,50,0.2,0.10000000000000009,8.26,0.5,10.0
de2905733772aed1,Buddha Bar Hotel Paris,Paris,France,48.8694695,2.3208564,2016Q3,quarter,breakfast,1,1,2,22,0.0,0.0,7.881818181818181,0.16666666666666666,10.0
a1e157d50cc04a7f,The Marble Arch London,London,United Kingdom,51.5151247,-0.1600656,2017Q2,quarter,breakfast,3,8,11,78,-0.45454545454545453,-0.23809523809523814,8.057692307692308,0.5238095238095238,10.0
8ea418c06990b20d,Mercure Paris Bercy Biblioth que,Paris,France,48.8370334,2.372322,2016Q2,quarter,breakfast,5,2,7,18,0.42857142857142855,0.17647058823529416,8.127777777777778,0.4117647058823529,10.0
2468e88983070ccb,Corinthia Hotel London,London,United Kingdom,51.5045583,-0.1262584,2016Q3,quarter,room,14,9,23,31,0.21739130434782608,0.1515151515151516,9.151612903225805,0.696969696969697,10.0
a412232e0cadbd6f,Relais Du Louvre,Paris,France,48.8592264,2.340996,2015Q4,quarter,cleanliness,4,0,4,14,1.0,0.2857142857142858,8.635714285714284,0.2857142857142857,10.0
f4d468ead2d6b757,Holiday Inn Paris Montmartre,Paris,France,,,2016Q4,quarter,location,5,0,5,8,1.0,0.33333333333333326,9.7,0.3333333333333333,10.0
5999911a09a8b6d8,H tel Th r se,Paris,France,48.8816306,2.2992146,2017Q2,quarter,breakfast,1,0,1,15,1.0,0.09090909090909083,9.153333333333332,0.09090909090909091,10.0
8f646b5e5c41e560,Novotel Milano Linate Aeroporto,Milan,Italy,45.4481878,9.2570459,2015Q3,quarter,location,5,1,6,10,0.6666666666666666,0.25,7.4,0.375,10.0
816e484bdc86ce32,Hotel Stefanie,Vienna,Austria,48.2142766,16.3801779,2017Q1,quarter,breakfast,72,7,79,123,0.8227848101265823,0.7303370786516854,9.241463414634149,0.8876404494382022,10.0
e7bb51c7c62b0565,Starhotels Business Palace,Milan,Italy,45.43784,9.230901,2017Q3,quarter,value,0,7,7,32,-1.0,-0.4117647058823529,8.05,0.4117647058823529,10.0
db85fb25e66bfae9,The Zetter Hotel,London,United Kingdom,51.522672,-0.1036841,2017Q3,quarter,cleanliness,3,0,3,11,1.0,0.23076923076923084,9.19090909090909,0.23076923076923078,10.0
a819970bc093a57f,Draycott Hotel,London,United Kingdom,51.4930097,-0.159715,2016Q4,quarter,cleanliness,2,0,2,18,1.0,0.16666666666666674,8.827777777777778,0.16666666666666666,10.0
238f868bc8e335ab,United Lodge Hotel and Apartments,London,United Kingdom,51.5743549,-0.0977567,2016Q3,quarter,noise,1,1,2,22,0.0,0.0,6.640909090909091,0.16666666666666666,10.0
12a3bfe8c0821d20,London Marriott Maida Vale,London,United Kingdom,51.5357597,-0.1902591,2016Q3,quarter,cleanliness,2,2,4,32,0.0,0.0,7.737500000000001,0.2857142857142857,10.0
806a218a8ffe603b,Pakat Suites Hotel,Vienna,Austria,48.19183,16.3770876,2017Q2,quarter,room,3,5,8,10,-0.25,-0.11111111111111116,7.909999999999999,0.4444444444444444,10.0
4bcdf839d1dcf4de,Pestana Chelsea Bridge Hotel Spa,London,United Kingdom,51.4815995,-0.1481053,2016Q3,quarter,value,4,5,9,75,-0.1111111111111111,-0.052631578947368474,8.500000000000002,0.47368421052631576,10.0
98722ec1e52e869d,Mercure Paris Terminus Nord,Paris,France,48.8794843,2.3556545,2015Q3,quarter,service,47,23,70,174,0.34285714285714286,0.30000000000000004,7.420114942528737,0.875,10.0
4cacd7bc671eeb46,The Waldorf Hilton,London,United Kingdom,51.5131979,-0.1174504,2016Q4,quarter,value,5,12,17,125,-0.4117647058823529,-0.2592592592592593,8.6448,0.6296296296296297,10.0
f746113ef99df8bf,Hotel Corvinus,Vienna,Austria,48.1990335,16.3525051,2015Q3,quarter,noise,1,1,2,11,0.0,0.0,8.945454545454545,0.16666666666666666,10.0
dc1d7fec4731f7aa,Grange Clarendon Hotel,London,United Kingdom,51.5197933,-0.1241844,2017Q1,quarter,service,12,5,17,51,0.4117647058823529,0.2592592592592593,8.141176470588235,0.6296296296296297,10.0
872cb02d526dc663,The Nadler Soho,London,United Kingdom,51.5147387,-0.1341108,2017Q1,quarter,service,35,5,40,62,0.75,0.6000000000000001,9.262903225806452,0.8,10.0
bbe8e383dfc762db,Hotel Royal,Vienna,Austria,48.2078727,16.3724042,2017Q3,quarter,location,5,0,5,6,1.0,0.33333333333333326,9.933333333333334,0.3333333333333333,10.0
7283d7277a1f04af,Seraphine Kensington Gardens Hotel,London,United Kingdom,51.5021027,-0.187901,2017Q2,quarter,room,17,50,67,71,-0.4925373134328358,-0.4285714285714286,7.281690140845072,0.8701298701298701,10.0
872cb02d526dc663,The Nadler Soho,London,United Kingdom,51.5147387,-0.1341108,2017Q3,quarter,service,9,2,11,26,0.6363636363636364,0.33333333333333326,9.234615384615381,0.5238095238095238,10.0
569d26f94c25e4af,Radisson Blu Portman Hotel London,London,United Kingdom,51.5161911,-0.1579487,2015Q3,quarter,noise,2,2,4,72,0.0,0.0,7.227777777777778,0.2857142857142857,10.0
7aae46fe8219345b,H10 Universitat,Barcelona,Spain,41.3869565,2.1665338,2015Q4,quarter,noise,0,4,4,26,-1.0,-0.2857142857142857,8.51153846153846,0.2857142857142857,10.0
6e65e4fa02202d3e,Starhotels Ritz,Milan,Italy,45.4779041,9.2094965,2017Q1,quarter,noise,6,5,11,92,0.09090909090909091,0.04761904761904767,8.109782608695653,0.5238095238095238,10.0
405d55e6a228bde1,Mercure Vienna First,Vienna,Austria,48.2114567,16.3738677,2016Q1,quarter,service,7,2,9,8,0.5555555555555556,0.26315789473684204,9.2,0.47368421052631576,10.0
79b78ce7e6f099e0,Apex City Of London Hotel,London,United Kingdom,51.5104624,-0.0795502,2016Q2,quarter,room,91,29,120,153,0.5166666666666667,0.476923076923077,9.320261437908496,0.9230769230769231,10.0
b0c2071ed31d3384,Rathbone,London,United Kingdom,51.5186801,-0.1354055,2015Q3,quarter,cleanliness,2,2,4,23,0.0,0.0,8.582608695652175,0.2857142857142857,10.0
69b02fe7a01bbcda,Hilton Garden Inn Milan North,Milan,Italy,45.5161671,9.2272778,2017Q2,quarter,breakfast,6,7,13,49,-0.07692307692307693,-0.04347826086956519,7.651020408163266,0.5652173913043478,10.0
bd234bb516c2bc43,The Zetter Townhouse Clerkenwell,London,United Kingdom,51.5231564,-0.1035134,2016Q1,quarter,room,0,0,0,2,,0.0,8.95,0.0,10.0
c6d71978c7e31916,The Leonard Hotel,London,United Kingdom,51.5147071,-0.1578291,2016Q3,quarter,location,24,4,28,42,0.7142857142857143,0.5263157894736843,8.08809523809524,0.7368421052631579,10.0
24c928a1fd08aeb0,Grand H tel Du Palais Royal,Paris,France,48.8630829,2.3378592,2016Q4,quarter,room,11,4,15,28,0.4666666666666667,0.28,9.239285714285712,0.6,10.0
88f6dde53af25c7a,Senato Hotel Milano,Milan,Italy,45.4714062,9.1965303,2016Q2,quarter,noise,4,0,4,33,1.0,0.2857142857142858,8.866666666666667,0.2857142857142857,10.0
a3dfc01bc2c5f217,Capri by Fraser Barcelona,Barcelona,Spain,41.3976233,2.188975,2017Q1,quarter,value,7,9,16,61,-0.125,-0.07692307692307687,8.85081967213115,0.6153846153846154,10.0
0cd7792be4eebfe1,The Park Tower Knightsbridge a Luxury Collection Hotel,London,United Kingdom,51.5014191,-0.1625805,2016Q4,quarter,location,27,3,30,50,0.8,0.6000000000000001,7.594000000000001,0.75,10.0
b4ff7fc23035cf53,Hotel Les Bains Paris,Paris,France,48.863828,2.3519345,2016Q4,quarter,noise,0,0,0,4,,0.0,9.274999999999999,0.0,10.0
dc8bb97ee62adbe9,Duret,Paris,France,48.8752553,2.286653,2017Q1,quarter,breakfast,1,1,2,6,0.0,0.0,8.633333333333333,0.16666666666666666,10.0
56c5bb7d28d0aa06,Arbor Hyde Park,London,United Kingdom,51.5126488,-0.1803795,2016Q3,quarter,location,63,5,68,128,0.8529411764705882,0.7435897435897436,8.728124999999999,0.8717948717948718,10.0
a2768c2991fe011e,M by Montcalm Shoreditch London Tech City,London,United Kingdom,51.5278465,-0.0889473,2016Q4,quarter,breakfast,10,15,25,201,-0.2,-0.1428571428571429,8.929850746268654,0.7142857142857143,10.0
fda26654aa1c313a,Mercure Hotel Amsterdam West,Amsterdam,Netherlands,52.3375677,4.8178172,2017Q2,quarter,value,7,21,28,85,-0.5,-0.368421052631579,8.032941176470588,0.7368421052631579,10.0
ab1215ed13755e5b,Mercure Paris Tour Eiffel Pont Mirabeau,Paris,France,48.8460269,2.2788281,2017Q3,quarter,cleanliness,1,0,1,2,1.0,0.09090909090909083,7.050000000000001,0.09090909090909091,10.0
5b5c3f9f7a84f013,Sunotel Club Central,Barcelona,Spain,41.38793,2.1568061,2017Q2,quarter,room,29,22,51,83,0.13725490196078433,0.11475409836065564,8.544578313253016,0.8360655737704918,10.0
c51b72dc5dd1c98d,Courtyard by Marriott Vienna Schoenbrunn,Vienna,Austria,48.184732,16.3211959,2016Q4,quarter,room,8,2,10,12,0.6,0.30000000000000004,9.075,0.5,10.0
97148bffda3559f8,Avenida Palace,Barcelona,Spain,41.3891168,2.1671986,2016Q3,quarter,value,5,13,18,132,-0.4444444444444444,-0.2857142857142857,8.409848484848487,0.6428571428571429,10.0
035a01afb001e526,Adria Boutique Hotel,London,United Kingdom,51.4933372,-0.1788931,2015Q3,quarter,noise,0,0,0,11,,0.0,7.781818181818182,0.0,10.0
3e321d9525370616,Hotel Cafe Royal,London,United Kingdom,51.5100916,-0.1359431,2015Q3,quarter,service,10,1,11,20,0.8181818181818182,0.4285714285714286,8.805,0.5238095238095238,10.0
2244fa01316dd59e,Park Inn by Radisson Uno City Vienna,Vienna,Austria,48.2340799,16.4210093,2017Q2,quarter,room,15,15,30,42,0.0,0.0,8.238095238095239,0.75,10.0
109ef67a249cd00d,Great St Helen Hotel,London,United Kingdom,51.5149583,-0.0823869,2015Q4,quarter,room,27,53,80,74,-0.325,-0.28888888888888886,7.159459459459459,0.8888888888888888,10.0
db50462289b4e0ca,The Westbury A Luxury Collection Hotel Mayfair London,London,United Kingdom,51.5144418,-0.146432,2016Q3,quarter,cleanliness,3,1,4,36,0.5,0.1428571428571428,8.072222222222223,0.2857142857142857,10.0
776dc7a639294694,Austria Trend Hotel Savoyen Vienna,Vienna,Austria,48.1950444,16.3844751,2017Q3,quarter,room,25,7,32,38,0.5625,0.4285714285714286,8.878947368421054,0.7619047619047619,10.0
cb7bc739cab48689,Derag Livinghotel Kaiser Franz Joseph Vienna,Vienna,Austria,,,2015Q3,quarter,breakfast,1,2,3,7,-0.3333333333333333,-0.07692307692307687,8.085714285714285,0.23076923076923078,10.0
7bcd58fd7a4273af,DoubleTree by Hilton Hotel Amsterdam NDSM Wharf,Amsterdam,Netherlands,52.4001813,4.8936653,2017Q3,quarter,breakfast,4,1,5,18,0.6,0.19999999999999996,8.761111111111113,0.3333333333333333,10.0
8eeb30fb4c43fac4,Bulgari Hotel London,London,United Kingdom,51.5015721,-0.1628511,2015Q4,quarter,cleanliness,0,0,0,2,,0.0,8.55,0.0,10.0
e096d9a0405e536f,The Queens Gate Hotel,London,United Kingdom,51.4981225,-0.1799693,2017Q2,quarter,room,50,62,112,130,-0.10714285714285714,-0.09836065573770492,8.143076923076917,0.9180327868852459,10.0
9e811021d89f2fe0,Grand Hotel Wien,Vienna,Austria,48.2021105,16.3720841,2017Q3,quarter,location,5,1,6,8,0.6666666666666666,0.25,8.5375,0.375,10.0
1a6a49fc4c54c3f0,Hotel Mercure Wien City,Vienna,Austria,48.2152663,16.376103,2016Q3,quarter,value,0,2,2,15,-1.0,-0.16666666666666663,8.373333333333333,0.16666666666666666,10.0
c4ebcc9a75f87615,Idol Hotel,Paris,France,48.8795369,2.3202966,2017Q1,quarter,breakfast,3,1,4,10,0.5,0.1428571428571428,9.209999999999999,0.2857142857142857,10.0
61a28cbaed2b2dfc,The Levante Parliament A Design Hotel,Vienna,Austria,48.2083518,16.354532,2017Q3,quarter,service,10,4,14,17,0.42857142857142855,0.25,7.947058823529411,0.5833333333333334,10.0
adbd8c9c517dd12b,XO Hotel,Paris,France,48.8827492,2.2982782,2017Q2,quarter,room,2,4,6,9,-0.3333333333333333,-0.125,8.622222222222222,0.375,10.0
45bcd9e6bca3ffb2,Mercure Paris Bastille Marais,Paris,France,48.8571207,2.3805581,2017Q1,quarter,cleanliness,2,0,2,5,1.0,0.16666666666666674,8.84,0.16666666666666666,10.0
4dbbd923ef8d4b9e,Savoy Hotel Amsterdam,Amsterdam,Netherlands,52.3497431,4.8911908,2016Q4,quarter,cleanliness,1,7,8,21,-0.75,-0.33333333333333337,6.142857142857143,0.4444444444444444,10.0
d92de14a976691b5,Best Western Hotel Montmartre Sacr Coeur,Paris,France,48.888539,2.3498459,2016Q2,quarter,location,10,11,21,23,-0.047619047619047616,-0.032258064516129004,7.747826086956521,0.6774193548387096,10.0
9ae8f27fc02ee5d1,Hotel SB Icaria Barcelona,Barcelona,Spain,41.3935591,2.1993915,2017Q1,quarter,service,29,8,37,87,0.5675675675675675,0.44680851063829796,8.252873563218394,0.7872340425531915,10.0
a3c25e521fbde264,Hotel Royal Elys es,Paris,France,48.8729666,2.2926226,2016Q3,quarter,noise,0,0,0,5,,0.0,8.68,0.0,10.0
4d1aedb541ee47ac,Apex London Wall Hotel,London,United Kingdom,51.5160484,-0.0880181,2017Q3,quarter,breakfast,2,2,4,20,0.0,0.0,9.594999999999999,0.2857142857142857,10.0
c0bb788934b2c0e5,H tel Victor Hugo Paris Kl ber,Paris,France,48.8690198,2.2891278,2017Q2,quarter,noise,0,0,0,3,,0.0,7.5,0.0,10.0
094a9d37e0780dbc,Hotel Le Saint Gregoire,Paris,France,48.8471891,2.3260138,2016Q2,quarter,cleanliness,1,0,1,1,1.0,0.09090909090909083,9.6,0.09090909090909091,10.0
2ad1a03a62e8b65c,Sercotel Amister Art Hotel Barcelona,Barcelona,Spain,41.3844072,2.1514584,2016Q2,quarter,cleanliness,2,1,3,12,0.3333333333333333,0.07692307692307687,8.558333333333334,0.23076923076923078,10.0
4b1e50868a5ca414,Rafayel Hotel Spa,London,United Kingdom,51.4703604,-0.1779869,2015Q3,quarter,location,5,5,10,38,0.0,0.0,7.810526315789477,0.5,10.0
bca2ae6a3402eeb1,DoubleTree by Hilton Hotel London Tower of London,London,United Kingdom,51.5108412,-0.0780581,2015Q3,quarter,location,109,19,128,256,0.703125,0.6521739130434783,8.716406249999988,0.927536231884058,10.0
7380a8405ded48a7,Novotel Paris 17,Paris,France,48.8920485,2.3023791,2017Q3,quarter,noise,0,0,0,6,,0.0,7.8,0.0,10.0
12eb72c098e398f7,Hotel Mediolanum,Milan,Italy,45.4813423,9.2039494,2016Q2,quarter,breakfast,5,0,5,11,1.0,0.33333333333333326,8.554545454545455,0.3333333333333333,10.0
8e793418b18150d8,H tel Montmartre Mon Amour,Paris,France,48.886687,2.3449332,2017Q3,quarter,location,3,1,4,4,0.5,0.1428571428571428,7.4,0.2857142857142857,10.0
0e351d8b0e1965ff,Ca Bianca Hotel Corte Del Naviglio,Milan,Italy,45.443502,9.1377081,2017Q1,quarter,noise,0,0,0,5,,0.0,9.16,0.0,10.0
b2beb8a17d66e770,Little Palace Hotel,Paris,France,48.8675674,2.3539896,2016Q2,quarter,room,29,20,49,52,0.1836734693877551,0.15254237288135597,8.667307692307691,0.8305084745762712,10.0
51d2da9c0f86639c,Shaftesbury Premier London Paddington,London,United Kingdom,51.5153672,-0.1783271,2016Q2,quarter,room,66,106,172,201,-0.23255813953488372,-0.21978021978021978,7.5786069651741235,0.945054945054945,10.0
43955c78a5e51a55,Mokinba Hotels Baviera,Milan,Italy,45.4782808,9.1997755,2016Q3,quarter,room,5,7,12,19,-0.16666666666666666,-0.09090909090909094,7.2105263157894735,0.5454545454545454,10.0
fc1bcb92adc860c6,Best Western Seraphine Kensington Olympia,London,United Kingdom,51.4992791,-0.1973593,2016Q2,quarter,noise,3,6,9,38,-0.3333333333333333,-0.1578947368421053,7.497368421052633,0.47368421052631576,10.0
1bc994fe9e58f4f0,W12 Rooms,London,United Kingdom,51.5045326,-0.2191174,2016Q3,quarter,location,29,7,36,64,0.6111111111111112,0.4782608695652173,8.712500000000002,0.782608695652174,10.0
5ce486c0c376f49f,Best Western Mornington Hotel Hyde Park,London,United Kingdom,51.5119933,-0.1782794,2016Q3,quarter,location,70,7,77,142,0.8181818181818182,0.7241379310344827,8.031690140845066,0.8850574712643678,10.0
ae08f4777a071392,Victoria Palace Hotel,Paris,France,48.8457587,2.3243071,2015Q3,quarter,cleanliness,0,0,0,1,,0.0,10.0,0.0,10.0
f1f104f375ee4ee8,The Rembrandt,London,United Kingdom,51.4959227,-0.1702917,2017Q3,quarter,noise,1,1,2,33,0.0,0.0,8.854545454545455,0.16666666666666666,10.0
18844f24ff32f0b5,41,London,United Kingdom,51.4981471,-0.1436492,2016Q4,quarter,room,3,1,4,8,0.5,0.1428571428571428,9.7,0.2857142857142857,10.0
c6c8bdeaaacb3808,Boscolo Milano Autograph Collection,Milan,Italy,45.46676,9.194293,2017Q2,quarter,room,2,8,10,21,-0.6,-0.30000000000000004,7.333333333333332,0.5,10.0
3635cd22af3c1a5d,Bilderberg Garden Hotel,Amsterdam,Netherlands,52.3511447,4.8740764,2017Q1,quarter,value,2,12,14,70,-0.7142857142857143,-0.41666666666666663,7.750000000000002,0.5833333333333334,10.0
b749c978b6ac283b,Andreola Central Hotel,Milan,Italy,45.4836517,9.2078581,2016Q3,quarter,room,16,10,26,37,0.23076923076923078,0.16666666666666674,8.413513513513514,0.7222222222222222,10.0
a333824d30ab79fc,The Hub Hotel,Milan,Italy,45.5138582,9.1194759,2017Q1,quarter,service,4,0,4,9,1.0,0.2857142857142858,6.9,0.2857142857142857,10.0
c9ccb15668166868,Hotel Maison Ath n e,Paris,France,48.8713421,2.3280723,2016Q4,quarter,room,4,7,11,15,-0.2727272727272727,-0.1428571428571429,9.166666666666666,0.5238095238095238,10.0
f5c0fbfc41881320,Millennium Hotel London Mayfair,London,United Kingdom,51.510574,-0.1509951,2016Q1,quarter,service,62,33,95,160,0.30526315789473685,0.2761904761904761,7.763749999999997,0.9047619047619048,10.0
20fcddf3e9238448,Amba Hotel Charing Cross,London,United Kingdom,51.508236,-0.1261963,2017Q1,quarter,service,52,6,58,81,0.7931034482758621,0.6764705882352942,9.449382716049387,0.8529411764705882,10.0
30f78c91fa3203d0,Millennium Hotel London Knightsbridge,London,United Kingdom,51.4999683,-0.1599927,2017Q1,quarter,location,57,1,58,96,0.9655172413793104,0.8235294117647058,7.906250000000001,0.8529411764705882,10.0
64ddba5f26341072,Hilton Barcelona,Barcelona,Spain,41.388682,2.1316368,2016Q1,quarter,cleanliness,0,1,1,3,-1.0,-0.09090909090909094,5.7,0.09090909090909091,10.0
5bc8426da24058b0,Ohla Eixample,Barcelona,Spain,41.3944574,2.1564353,2017Q2,quarter,cleanliness,12,1,13,46,0.8461538461538461,0.4782608695652173,9.232608695652177,0.5652173913043478,10.0
f3da10a4d3bd19c8,Mercure Josefshof Wien,Vienna,Austria,48.2085627,16.3541687,2016Q1,quarter,value,0,3,3,21,-1.0,-0.23076923076923073,7.81904761904762,0.23076923076923078,10.0
76dec225c494067a,Hotel Prinz Eugen,Vienna,Austria,48.1877258,16.3781454,2017Q3,quarter,value,4,0,4,23,1.0,0.2857142857142858,8.46086956521739,0.2857142857142857,10.0
c35c2e67e9925127,H tel R de Paris Boutique Hotel,Paris,France,48.8799239,2.3288332,2017Q1,quarter,cleanliness,3,0,3,18,1.0,0.23076923076923084,9.477777777777776,0.23076923076923078,10.0
772c889c07d946a7,Flemings Mayfair,London,United Kingdom,51.5064607,-0.1454198,2017Q2,quarter,noise,2,5,7,72,-0.42857142857142855,-0.17647058823529416,8.666666666666668,0.4117647058823529,10.0
cff78fb7b9d89cf4,Hotel Dieci,Milan,Italy,45.4738012,9.2239702,2016Q1,quarter,location,2,0,2,3,1.0,0.16666666666666674,6.966666666666668,0.16666666666666666,10.0
b9b65456e1bdb0a1,Eurostars Embassy,Vienna,Austria,48.1964001,16.3958668,2016Q3,quarter,cleanliness,5,3,8,17,0.25,0.11111111111111116,8.241176470588234,0.4444444444444444,10.0
2603d027cc2ed164,Westside Arc de Triomphe Hotel,Paris,France,48.8811741,2.2948337,2016Q2,quarter,breakfast,5,2,7,32,0.42857142857142855,0.17647058823529416,8.6875,0.4117647058823529,10.0
8238668a813c8692,The Wellesley Knightsbridge a Luxury Collection Hotel London,London,United Kingdom,51.502485,-0.1539265,2016Q2,quarter,noise,0,0,0,9,,0.0,8.8,0.0,10.0
315e2dd32d6742ed,Victoires Opera,Paris,France,48.8648997,2.3469433,2017Q1,quarter,location,4,0,4,7,1.0,0.2857142857142858,7.142857142857143,0.2857142857142857,10.0
995ce1b8dd842761,Fleming s Selection Hotel Wien City,Vienna,Austria,,,2016Q3,quarter,breakfast,42,13,55,112,0.5272727272727272,0.4461538461538461,8.467857142857143,0.8461538461538461,10.0
e01e8f41d1663cb9,Sofitel Paris Le Faubourg,Paris,France,48.868414,2.3213247,2017Q1,quarter,room,5,6,11,17,-0.09090909090909091,-0.04761904761904767,8.441176470588236,0.5238095238095238,10.0
c60710a9222e8ae4,NH Sants Barcelona,Barcelona,Spain,41.384591,2.1378107,2015Q3,quarter,location,6,4,10,12,0.2,0.10000000000000009,8.508333333333333,0.5,10.0
2647f670656f5fe2,Waldorf Madeleine,Paris,France,48.8715828,2.3224853,2015Q3,quarter,location,6,0,6,9,1.0,0.375,8.855555555555554,0.375,10.0
1755bb16e71cb6a8,Hilton Paris Opera,Paris,France,48.8756604,2.3252075,2017Q2,quarter,room,6,4,10,13,0.2,0.10000000000000009,8.153846153846153,0.5,10.0
115791bb45975e2c,Hotel Mailberger Hof,Vienna,Austria,48.204183,16.3726664,2016Q4,quarter,breakfast,24,8,32,49,0.5,0.38095238095238093,8.161224489795918,0.7619047619047619,10.0
0d41a63435da5ad9,Mercure Paris Opera Louvre,Paris,France,48.8710895,2.3393461,2017Q2,quarter,cleanliness,2,0,2,18,1.0,0.16666666666666674,7.788888888888888,0.16666666666666666,10.0
1b28abfd3c85ea2d,H tel Gustave,Paris,France,48.8502052,2.289043,2016Q4,quarter,noise,0,0,0,14,,0.0,8.257142857142856,0.0,10.0
79b78ce7e6f099e0,Apex City Of London Hotel,London,United Kingdom,51.5104624,-0.0795502,2016Q1,quarter,noise,17,8,25,217,0.36,0.2571428571428571,9.110138248847921,0.7142857142857143,10.0
3b0571b550ead9e0,Hotel Regina,Vienna,Austria,48.2163343,16.3595536,2016Q1,quarter,cleanliness,5,2,7,32,0.42857142857142855,0.17647058823529416,8.587499999999999,0.4117647058823529,10.0
449c09a7ad8e8dc3,The Montcalm At Brewery London City,London,United Kingdom,51.5208155,-0.0915319,2016Q1,quarter,location,50,19,69,199,0.4492753623188406,0.39240506329113933,8.810552763819091,0.8734177215189873,10.0
2cac1261287610c2,Le Belmont Champs Elys es,Paris,France,48.8691984,2.2979052,2015Q3,quarter,value,3,2,5,9,0.2,0.06666666666666665,8.666666666666666,0.3333333333333333,10.0
e55a71225ee19937,H tel Da Vinci Spa,Paris,France,48.8565778,2.3319767,2015Q3,quarter,room,9,5,14,24,0.2857142857142857,0.16666666666666674,9.279166666666665,0.5833333333333334,10.0
4b04b6b18f0fcd76,H tel Fabric,Paris,France,48.8629329,2.3723823,2016Q2,quarter,noise,2,1,3,7,0.3333333333333333,0.07692307692307687,9.485714285714286,0.23076923076923078,10.0
649de95e4e9c9ee7,Lindner Hotel Am Belvedere,Vienna,Austria,48.1955998,16.3826989,2017Q3,quarter,noise,2,2,4,6,0.0,0.0,8.833333333333334,0.2857142857142857,10.0
183e1bd70f4ff564,Park Plaza London Riverbank,London,United Kingdom,51.4913737,-0.1214194,2015Q4,quarter,location,57,13,70,143,0.6285714285714286,0.55,8.067132867132864,0.875,10.0
5d2b1224b4c09c13,Rosewood London,London,United Kingdom,51.5173303,-0.1180966,2017Q2,quarter,cleanliness,1,0,1,33,1.0,0.09090909090909083,9.300000000000002,0.09090909090909091,10.0
8aff1ddf247af83c,Hotel City Central,Vienna,Austria,,,2016Q2,quarter,location,40,4,44,70,0.8181818181818182,0.6666666666666667,8.584285714285711,0.8148148148148148,10.0
eed4d8ba917a5ddb,Best Western Tour Eiffel Invalides,Paris,France,48.8593152,2.3104179,2017Q3,quarter,value,1,0,1,2,1.0,0.09090909090909083,8.15,0.09090909090909091,10.0
cfd449b016f2b6a6,Novotel Barcelona City,Barcelona,Spain,41.4038774,2.1911894,2015Q4,quarter,location,5,1,6,12,0.6666666666666666,0.25,8.225,0.375,10.0
52385d133f1317ed,Ayre Hotel Rosell n,Barcelona,Spain,41.4047382,2.1727127,2016Q3,quarter,room,26,19,45,77,0.15555555555555556,0.1272727272727272,8.884415584415583,0.8181818181818182,10.0
cfe43c3bbcb43894,Le Grand H tel de Normandie,Paris,France,48.8759461,2.3270955,2016Q1,quarter,value,0,0,0,2,,0.0,5.65,0.0,10.0
ff5d3d53426c96ef,Hotel West End,Paris,France,48.8671391,2.3038447,2016Q2,quarter,cleanliness,1,0,1,22,1.0,0.09090909090909083,9.29090909090909,0.09090909090909091,10.0
0cdce1b008b08659,Novotel London Paddington,London,United Kingdom,51.519032,-0.1825943,2016Q1,quarter,breakfast,3,3,6,45,0.0,0.0,8.80888888888889,0.375,10.0
312cb161f5115764,Hotel Garbi Millenni,Barcelona,Spain,41.3759896,2.167148,2017Q3,quarter,breakfast,1,1,2,9,0.0,0.0,7.833333333333333,0.16666666666666666,10.0
513c22124ae9c7a9,Mercure Grand Hotel Biedermeier Wien,Vienna,Austria,48.2038688,16.3887039,2017Q1,quarter,breakfast,3,1,4,14,0.5,0.1428571428571428,7.7571428571428545,0.2857142857142857,10.0
e6f927f7a55c5314,Novotel London Excel,London,United Kingdom,51.5077198,0.0229805,2017Q1,quarter,location,15,2,17,64,0.7647058823529411,0.4814814814814814,8.2609375,0.6296296296296297,10.0
87e4a18d063f2cb2,The Cleveland,London,United Kingdom,51.5139692,-0.1828202,2017Q2,quarter,room,20,16,36,31,0.1111111111111111,0.08695652173913038,8.477419354838709,0.782608695652174,10.0
d950b26dc096e2bc,Holiday Inn London Mayfair,London,United Kingdom,51.507746,-0.1422993,2017Q1,quarter,breakfast,11,4,15,72,0.4666666666666667,0.28,7.8722222222222245,0.6,10.0
6c1402e5bfe52892,Thistle Hyde Park,London,United Kingdom,51.5112451,-0.1808938,2015Q3,quarter,location,9,0,9,16,1.0,0.4736842105263157,7.79375,0.47368421052631576,10.0
6a9b160b9321dc44,Grand Visconti Palace,Milan,Italy,45.4471408,9.2070051,2015Q4,quarter,cleanliness,2,3,5,22,-0.2,-0.06666666666666665,8.313636363636363,0.3333333333333333,10.0
69159bd4e62bf2c7,Hotel Plaza Elys es,Paris,France,48.8746128,2.3056956,2015Q3,quarter,value,1,1,2,11,0.0,0.0,8.454545454545455,0.16666666666666666,10.0
b58c3a47a8da7f12,Onix Liceo,Barcelona,Spain,41.3780229,2.1730782,2016Q4,quarter,room,17,15,32,35,0.0625,0.04761904761904767,8.042857142857144,0.7619047619047619,10.0
b0652ebb77e0ef1a,Holiday Inn Paris Notre Dame,Paris,France,48.8528427,2.3422256,2017Q1,quarter,location,16,1,17,26,0.8823529411764706,0.5555555555555556,8.184615384615384,0.6296296296296297,10.0
4eab38e011783e4f,Renaissance Paris Republique Hotel Spa,Paris,France,48.8687804,2.3610196,2017Q2,quarter,breakfast,1,1,2,4,0.0,0.0,7.925,0.16666666666666666,10.0
f7003dbd845340ae,H tel de Varenne,Paris,France,48.8570275,2.3170282,2016Q1,quarter,noise,4,2,6,13,0.3333333333333333,0.125,9.26923076923077,0.375,10.0
4b942e7e6c024782,The Soho Hotel,London,United Kingdom,51.5139805,-0.1337948,2016Q1,quarter,room,11,5,16,26,0.375,0.23076923076923084,9.688461538461537,0.6153846153846154,10.0
d6a9d6e8310916a3,First Hotel Paris Tour Eiffel,Paris,France,48.8475112,2.3022198,2017Q3,quarter,room,3,1,4,5,0.5,0.1428571428571428,8.440000000000001,0.2857142857142857,10.0
24e58d822a113f96,Mill sime H tel,Paris,France,48.8550236,2.3350786,2016Q1,quarter,noise,1,0,1,12,1.0,0.09090909090909083,8.750000000000002,0.09090909090909091,10.0
5ee84f1b44420fe4,H10 Metropolitan 4 Sup,Barcelona,Spain,41.3875467,2.1673975,2016Q3,quarter,location,53,1,54,92,0.9629629629629629,0.8125,9.373913043478264,0.84375,10.0
3728272126c92bb9,Club Hotel Cortina,Vienna,Austria,48.1877942,16.2727214,2017Q3,quarter,room,1,1,2,3,0.0,0.0,7.5,0.16666666666666666,10.0
116c12bfdc38b8b9,Vilana Hotel,Barcelona,Spain,41.4047934,2.1288527,2016Q1,quarter,breakfast,1,1,2,4,0.0,0.0,9.275,0.16666666666666666,10.0
57521e2998c099e6,St Paul s Hotel,London,United Kingdom,51.4934752,-0.2153256,2017Q1,quarter,noise,2,2,4,46,0.0,0.0,8.852173913043478,0.2857142857142857,10.0
3efcf19efe38a02b,Antares Hotel Rubens,Milan,Italy,45.4670579,9.1427822,2017Q2,quarter,noise,0,2,2,16,-1.0,-0.16666666666666663,8.7125,0.16666666666666666,10.0
94342cba94013c9e,Hotel Boltzmann,Vienna,Austria,48.2216779,16.3567111,2017Q2,quarter,location,5,1,6,9,0.6666666666666666,0.25,7.699999999999999,0.375,10.0
dc8a200ac28cc0be,Pullman Paris Montparnasse,Paris,France,48.8382943,2.3210421,2015Q4,quarter,breakfast,8,9,17,46,-0.058823529411764705,-0.03703703703703709,7.880434782608695,0.6296296296296297,10.0
8946cdf76645c7f0,Best Western Maitrise Hotel Edgware Road,London,United Kingdom,51.521148,-0.171346,2015Q4,quarter,service,5,5,10,26,0.0,0.0,6.799999999999999,0.5,10.0
19cd33d898089027,1K Hotel,Paris,France,48.8639318,2.3658744,2015Q3,quarter,cleanliness,2,1,3,12,0.3333333333333333,0.07692307692307687,7.824999999999999,0.23076923076923078,10.0
4ee5243560d56abe,Hotel Indigo Paris Opera,Paris,France,48.8704371,2.329236,2016Q3,quarter,room,7,2,9,10,0.5555555555555556,0.26315789473684204,9.6,0.47368421052631576,10.0
