hotel_id,periods,city,hotel_name
000100abb6c04aba,9,London,Mayflower Hotel Apartments
00014379887908bc,9,Paris,H tel Thoumieux
0024a3e654f13a6e,9,London,The Rockwell
003892d6f23ce033,6,Paris,Hotel Le Pera
0051296f051d3cf0,9,Milan,Hotel Pierre Milano
00795a8b6ae87c5d,9,Barcelona,Barcel Sants
00a8070a9eb34993,9,Milan,Hotel Cavour
00b19bc836502cb6,9,Amsterdam,citizenM Amsterdam
00c7ffcefee670b1,9,London,Crowne Plaza London Kings Cross
00dcc48455869c47,9,Paris,Novotel Paris Vaugirard Montparnasse
00f99d732f95a84a,9,Paris,Amarante Beau Manoir
01650eb9edd0c54b,9,Vienna,Hilton Vienna Danube Waterfront
017bd3d2d7a1ae0e,9,Paris,H tel Regent s Garden
0186f339c6ac69d6,3,Barcelona,Hotel G tico
019a984099f71952,9,Vienna,Hotel Bristol A Luxury Collection Hotel
01c15fcb4a267f67,9,London,Windermere Hotel
01f1b4d075f33eeb,9,London,Radisson Blu Edwardian New Providence Wharf
028680806c93c77f,9,London,Hotel Indigo London Paddington
030435f21a461115,9,Vienna,Senator Hotel Vienna
035a01afb001e526,9,London,Adria Boutique Hotel
035b69564f87efb6,9,Barcelona,Eurostars Bcn Design
039055a05f478159,9,London,Millennium Gloucester Hotel London
03a2b4057226714f,9,Paris,Best Western Premier Marais Grands Boulevards
04050da64945bfdd,9,Paris,Hotel Odeon Saint Germain
040e8233f6be511b,9,Paris,Mercure Vaugirard Paris Porte De Versailles
044331f2d396479f,9,London,Grange Holborn Hotel
04f83ac4904fb95e,9,London,The Tophams Hotel
04fa6c1ecd337e7d,9,Paris,TRYP Paris Op ra
05025a52d56d5801,9,Barcelona,Pullman Barcelona Skipper
050e30592212c130,9,Paris,Royal Saint Michel
0587de40fd9d7667,9,Paris,H tel Beauchamps
05abf8a796dc7630,9,Milan,UNA Hotel Century
05d70c4a5e95bc84,7,Paris,Le Pigalle Hotel
05d7dbae5b1a4136,5,Amsterdam,Pulitzer Amsterdam
06771576c37d666d,9,London,Caesar Hotel
06a10508c67025f4,9,Barcelona,Arenas Atiram Hotels
0725041a236b5b9a,9,Barcelona,The Mirror Barcelona
07d42c0098c1eaef,9,London,Holiday Inn London West
084f15e41c94371b,9,London,H10 London Waterloo
08e3e345da319d9c,8,Amsterdam,Jaz Amsterdam
094a9d37e0780dbc,7,Paris,Hotel Le Saint Gregoire
094ebfee08515745,9,Amsterdam,Mercure Hotel Amsterdam City South
09525392940ca807,9,Paris,Hotel Le petit Paris
09bc9d0623fb93a3,8,London,Kensington House Hotel
0a0aa7f4d56f87c4,9,Vienna,Hotel Das Tigra
0a23c13bdd5162ee,9,Paris,Best Western Ducs de Bourgogne
0a6988e147778171,9,London,DoubleTree by Hilton London Docklands Riverside
0a70204c7d12ef81,5,Paris,Ritz Paris
0a96f7a6645d13b5,9,Paris,Elys es R gencia
0aa24f4e2c69c761,9,Paris,Le Pradey
0aa6b4d673744780,7,Paris,Le 123 Elysees Astotel
0b2ebb0427b47abe,9,London,Mercure London Paddington Hotel
0b6caa07f1b1a1d7,9,London,The Arch London
0bd15a99f39d423a,9,London,Radisson Blu Edwardian Sussex
0bdfe2986431d769,9,Amsterdam,INK Hotel Amsterdam MGallery by Sofitel
0bfdf08321944294,8,Paris,H tel San R gis
0cb2e142910559f2,4,Barcelona,Vincci Mae
0cd7792be4eebfe1,9,London,The Park Tower Knightsbridge a Luxury Collection Hotel
0cdce1b008b08659,9,London,Novotel London Paddington
0d1bcf8e29dbc79a,9,Paris,Four Seasons Hotel George V Paris
0d41a63435da5ad9,9,Paris,Mercure Paris Opera Louvre
0d4715e626b682fa,9,Milan,Hotel Manzoni
0d611be6f11afba8,9,Milan,TownHouse 33
0d7d97c495823a3c,9,London,London Marriott Hotel Marble Arch
0d9893e9b26cba71,9,Paris,Op ra Marigny
0da15b5379cc013c,2,Paris,Okko Hotels Paris Porte De Versailles
0de6324a162eb251,9,Vienna,Hotel Landhaus Fuhrgassl Huber
0df7c373bb9e58e1,9,Vienna,Austria Trend Hotel Europa Wien
0e351d8b0e1965ff,9,Milan,Ca Bianca Hotel Corte Del Naviglio
0e992ed3c87de4a5,9,Vienna,The Guesthouse Vienna
0eb43cea995d95f2,9,Barcelona,Hotel Bagu s
0f905ec6b1a2064f,9,Milan,ADI Doria Grand Hotel
0fad5cae075408be,9,Milan,Novotel Milano Nord Ca Granda
0fb1fc5694908e68,9,London,Claridge s
0febca6bd7d71beb,9,Barcelona,Abba Garden
10294e29457a45fd,9,Milan,The Square Milano Duomo
102f1b4d88d03fd0,9,Paris,H tel Exquis by Elegancia
104289516c736a6a,9,Barcelona,Ilunion Almirante
105360553157053b,9,Paris,Shangri La Hotel Paris
1070f93d3da8ee89,8,Vienna,FourSide Hotel Suites Vienna
107993e0db9c9e11,6,Barcelona,Catalonia Magdalenes
107c74dad281aad5,6,Paris,H tel Saint Marc
108e327dae64f382,9,Milan,Best Western Hotel St George
109ef67a249cd00d,9,London,Great St Helen Hotel
10bdda5ff29bff4c,9,Barcelona,Gallery Hotel
10bf67442e197285,9,Milan,LaGare Hotel Milano Centrale MGallery by Sofitel
1127faba8d299af8,9,Milan,Best Western Atlantic Hotel
1128ada016683f9f,9,Paris,La Clef Tour Eiffel
112ba3ab605e2134,9,Amsterdam,NH Amsterdam Museum Quarter
112e59b7f73d3027,9,Paris,La Tremoille Paris
114ccc57e4281f73,9,Amsterdam,Hotel Seven One Seven
11504724335cb45c,9,Paris,Castille Paris Starhotels Collezione
1155f342d6011264,9,Milan,Hotel Tiziano Park Vita Parcour Gruppo MiniHotels
115791bb45975e2c,9,Vienna,Hotel Mailberger Hof
116c12bfdc38b8b9,8,Barcelona,Vilana Hotel
118344d56b4d4f99,9,Barcelona,Majestic Hotel Spa Barcelona GL
1185efea82c92e29,9,Paris,Hotel Les Th tres
119a67ff88671a13,9,Milan,Hotel Da Vinci
11ddf8bf5cd47375,9,Barcelona,Condes de Barcelona
11f8458cb62847c4,8,Milan,Antares Hotel Accademia
12228997f7300a6f,9,Paris,H tel Concorde Montparnasse
12a3bfe8c0821d20,9,London,London Marriott Maida Vale
12b1cb14fb5d9da8,9,Vienna,Hotel Sans Souci Wien
12eb72c098e398f7,9,Milan,Hotel Mediolanum
13971cb52a57ddfd,9,Paris,Suites H tel Helzear Montparnasse
13a08d4fcd681a72,9,London,Corus Hotel Hyde Park
13a1c41e77d80965,9,Paris,Arioso
13f35981ac87ea63,9,Amsterdam,Hotel Esther a
141f0f160d84074a,9,London,Goodenough Club
1420292bc6af6e57,9,Paris,Hotel Les Bulles De Paris
143e991c99f40a77,9,Barcelona,Mercer House B ria BCN
14859c0d228c3de7,9,London,Mercure London Bridge
14d9fea8de32c2f3,9,London,DoubleTree by Hilton Hotel London Marble Arch
1506585dd4435289,9,Barcelona,Hotel Miramar Barcelona GL
150bf4d4b49632e7,7,Paris,H tel Paris Bastille Boutet MGallery by Sofitel
15b880b85e4c8c55,9,London,The Athenaeum
15ca680782ceead2,9,London,Shaftesbury Suites London Marble Arch
16108333c1f09e9d,9,Barcelona,Exe Laietana Palace
1668014d06f0f199,9,Paris,H tel Elysees Mermoz
1672b62915c6b74a,9,London,Park Lane Mews Hotel
1698375222db78b8,9,London,Covent Garden Hotel
16c349e6a28ee4ad,9,Vienna,Austria Trend Hotel Doppio Wien
17023a2b1de913d0,9,Milan,Four Points Sheraton Milan Center
1751c4953f858440,9,Vienna,Hotel Rathaus Wein Design
1755bb16e71cb6a8,9,Paris,Hilton Paris Opera
179d89be936d0a4a,9,Milan,Leonardo Hotel Milan City Center
179ead63c62b81a7,9,Vienna,Hotel Lam e
17a16cd232ba0985,9,Paris,Royal Hotel Champs Elys es
17cc2fd4d5893d7e,9,Milan,Crowne Plaza Milan City
17dd74d6a55dca67,7,Paris,Mercure Tour Eiffel Grenelle
17df11aa6fa2a626,8,Paris,Hotel Le Sainte Beuve
17e21c2ba08f82ae,8,Paris,Mercure Paris 15 Porte de Versailles
18007f4c03cf348a,9,Paris,Hotel d Orsay Esprit de France
183e1bd70f4ff564,9,London,Park Plaza London Riverbank
185abb9fdf453729,9,Milan,UNA Hotel Cusani
187983361485801e,7,Amsterdam,NH Collection Amsterdam Doelen
18844f24ff32f0b5,9,London,41
18ab9da7d5552206,7,Paris,Mercure Paris Porte d Orleans
18c5430b52a5e62d,9,Paris,W Paris Op ra
1935e1d516a36767,8,Paris,Villa Alessandra
194bdc723dd2bf5b,9,Amsterdam,Sofitel Legend The Grand Amsterdam
197fd88e6b4ffbdc,9,Amsterdam,Dikker en Thijs Fenice Hotel
19c4f5bb50d39273,9,London,Radisson Blu Edwardian Mercer Street
19cd33d898089027,9,Paris,1K Hotel
1a0ea544c6a8bb84,9,Milan,Best Western Hotel Mirage
1a17fd2c037769a6,9,Barcelona,TWO Hotel Barcelona by Axel 4 Sup Adults Only
1a220e63bc4cbe60,9,London,The Westbridge Hotel
1a6a49fc4c54c3f0,9,Vienna,Hotel Mercure Wien City
1a77d2b25cd1e157,9,Milan,TH Street Duomo
1a8be1fb32d136e5,9,Vienna,Der Wilhelmshof
1a93b379f3eb37af,9,Vienna,ARCOTEL Kaiserwasser Superior
1a98318bc7fed1a6,9,Amsterdam,Waldorf Astoria Amsterdam
1ae0dbb25868d88b,9,London,DoubleTree by Hilton London Westminster
1b08257582757e42,9,Vienna,Rainers Hotel Vienna
1b28abfd3c85ea2d,9,Paris,H tel Gustave
1b352d70162b5b23,9,Vienna,Hotel J ger
1b494ec3c27d4f50,9,Barcelona,Hotel Neri
1b57ab9c54b7e499,5,Barcelona,Mercure Barcelona Condor
1b928afdc2a86762,5,Amsterdam,Hotel V Fizeaustraat
1bc994fe9e58f4f0,9,London,W12 Rooms
1c4d98f5f0025682,9,Paris,A La Villa Madame
1c541fdd12f4918b,9,London,Knightsbridge Hotel
1c55a014751c03d9,9,Paris,Best Western Premier Faubourg 88
1c6290bcf3cdfc23,9,London,The Academy
1c6a1199cba2ea7a,3,Paris,Splendide Royal Paris
1c96c35ee97a7275,9,Paris,Novotel Suites Paris Montreuil Vincennes
1cbc4a5b483c27f9,9,Vienna,Small Luxury Hotel Altstadt Vienna
1cd90d5c1d8e18b4,9,Vienna,Austria Trend Hotel Schloss Wilhelminenberg Wien
1d06ac12adc58a8e,9,Barcelona,Ofelias Hotel 4 Sup
1dce6af373324f3a,9,Barcelona,AC Hotel Sants a Marriott Lifestyle Hotel
1dd99f8fdf86ce0b,9,Paris,Mercure Paris Montmartre Sacr Coeur
1dfa066133471036,9,Vienna,Arion Cityhotel Vienna und Appartements
1e267a963a5120e0,9,Milan,Maison Borella
1e361b70022cf490,8,Paris,R Kipling by Happyculture
1e3e6fad27db7b6b,9,Barcelona,Duquesa de Cardona
1e48c258e613fbdf,9,Milan,Petit Palais Hotel De Charme
1e64ed7869f85ae8,9,Vienna,Novotel Wien City
1eae67fdb1e2cd24,9,Vienna,Hotel Am Konzerthaus Vienna MGallery by Sofitel
1ee09dbcd8d852a3,9,Vienna,Hotel Atlanta
1f19d44f6fec8713,9,Milan,STRAF a Member of Design Hotels
1f331a4d5ffbef79,9,London,The Levin Hotel
1f378be4b2de34b4,9,Barcelona,Hotel 4 Barcelona
1fba865c6c3a7b02,9,Barcelona,Gran Hotel La Florida
1ff51f1048ba7936,9,London,Bermondsey Square Hotel A Bespoke Hotel
2011829cc024c6fd,9,Paris,Hotel Le Squara
20ad25da89483176,9,London,The Beaufort
20d275682b2b4f49,8,Vienna,Gartenhotel Altmannsdorf Hotel 1
20fcddf3e9238448,9,London,Amba Hotel Charing Cross
218700cb5e9d342c,9,Paris,H tel Moli re
21bd3d57654bb89d,9,London,Thistle Holborn The Kingsley
21cc1295894a3f5c,9,Barcelona,NH Hesperia Barcelona del Mar
21fbab1b7d23e35e,9,London,St Ermin s Hotel Autograph Collection
2244fa01316dd59e,9,Vienna,Park Inn by Radisson Uno City Vienna
226559ccfc31f251,9,Paris,Paris Marriott Champs Elysees Hotel
229a9f96f3844c35,5,Barcelona,Hotel Midmost
22a352a0935cbb04,9,Paris,Holiday Inn Paris Op ra Grands Boulevards
22d7c3a4977af097,9,Paris,Hotel Champs Elys es Friedland by Happyculture
233ea97acf96e6eb,9,Vienna,AZIMUT Hotel Vienna
2340e96fdff63b7a,2,Amsterdam,Hyatt Regency Amsterdam
2358d5433ef43312,9,Milan,Acca Palace
235bbbb80e59e8d7,9,London,Danubius Hotel Regents Park
238f868bc8e335ab,9,London,United Lodge Hotel and Apartments
23bfb6c2a3a19654,9,Barcelona,Axel Hotel Barcelona Urban Spa Adults Only
23c9e08bba07bb23,9,Paris,H tel Etoile Saint Honor by Happyculture
241aef4f2a89206b,9,Milan,Best Western Hotel Astoria
2468e88983070ccb,9,London,Corinthia Hotel London
247873d79c147309,9,Amsterdam,Renaissance Amsterdam Hotel
247bf4d58a5fc886,9,London,Crowne Plaza London Docklands
2488f691ef726b99,8,Barcelona,H10 Cubik 4 Sup
24a3da66397bb81f,9,Barcelona,Catalonia La Pedrera
24c2cf3e075e9c43,9,Milan,Park Hyatt Milano
24c928a1fd08aeb0,9,Paris,Grand H tel Du Palais Royal
24db62ba9669d0a8,9,Paris,Le 7 Eiffel Hotel
24e58d822a113f96,9,Paris,Mill sime H tel
24ec390d58a2b6cb,9,Barcelona,Hotel 1898
25705823d34c89e7,8,Vienna,Das Triest Hotel
25817e7cd808869a,8,Paris,Mercure Paris 17 me Saint Lazare Monceau
25f2f8a2fbc75ce5,9,London,Sofitel London St James
2603d027cc2ed164,9,Paris,Westside Arc de Triomphe Hotel
261bc44d54548214,9,London,Bloomsbury Palace Hotel
2647f670656f5fe2,9,Paris,Waldorf Madeleine
26512f52fd227f0a,9,Milan,Hotel Liberty
265d34b6535c5f7e,3,Amsterdam,Pillows Anna van den Vondel Amsterdam
267535a922c9b30e,9,Milan,TownHouse 12
269072a57a19e1d3,9,Barcelona,Ayre Hotel Caspe
26f63f644e5a6c6a,9,Paris,Saint James Albany Paris Hotel Spa
2731a27ab02609f4,9,Paris,H tel de Banville
274b3581685355dd,9,Milan,Hotel Mozart
2765ba089be8f2b2,9,London,Nottingham Place Hotel
2790258a6dd27887,9,Barcelona,Occidental Atenea Mar Adults Only
27acde981655b41b,9,Amsterdam,Hotel V Nesplein
27e10ea8cbfa4679,9,London,The Marylebone Hotel
27f2d73615937f54,9,Vienna,Mercure Wien Zentrum
27fe8054ad28d624,6,Milan,Hotel Clerici
286322206c18c649,9,Paris,Le Marceau Bastille
288ce21bd0aa7a15,9,Barcelona,Hotel Palace GL
2899350320f70d70,9,Barcelona,AC Hotel Victoria Suites a Marriott Lifestyle Hotel
289995a63e568a6b,9,Paris,Hotel du Petit Moulin
28c44dd6f3da2de4,9,London,Hotel Xanadu
2999b55804005401,9,Amsterdam,Hotel Roemer Amsterdam
29b55710d0782c22,9,Barcelona,Royal Passeig de Gracia
29b6cf85154de954,9,Paris,Hotel Montalembert
2a02710ad879398e,9,Paris,The Chess Hotel
2a08b7c8b18c4086,8,Paris,Holiday Inn Paris Montparnasse Pasteur
2a6a334d6d8eb57c,9,London,The Colonnade
2a8164df75938ca1,9,Paris,Best Western Premier Louvre Saint Honor
2a8a9cad0e737cc9,9,Barcelona,Zenit Barcelona
2ad1a03a62e8b65c,9,Barcelona,Sercotel Amister Art Hotel Barcelona
2b00594a4a57f6f4,9,Milan,AC Hotel Milano a Marriott Lifestyle Hotel
2b010d4dc7168138,6,Vienna,Hotel Eitlj rg
2b0acaa3f7ad3af5,6,Paris,La Chambre du Marais
2b8ce1f02c767efe,9,Barcelona,Hotel Casa Camper
2bac0df8818cf79b,9,Milan,Best Western Plus Hotel Felice Casati
2c3f4e520b3ef09c,9,Paris,Holiday Inn Paris Gare Montparnasse
2ca2e45970c636e4,9,Milan,Ch teau Monfort Relais Ch teaux
2caadf3a2d37291e,9,Paris,Hotel Les Rives de Notre Dame
2cac1261287610c2,9,Paris,Le Belmont Champs Elys es
2d047d73353de59b,9,London,Holiday Inn London Wembley
2d2ca76bb3369702,9,London,Park Grand Paddington Court
2dd158e8a8dc9906,9,Amsterdam,The Student Hotel Amsterdam City
2df4ea8af11fa979,6,Paris,Le Lavoisier
2e57ccf12801ce06,9,London,Jumeirah Lowndes Hotel
2e660ba7a5f1baad,9,Barcelona,Hotel mbit Barcelona
2e6b331fc0c8973a,8,Milan,Bulgari Hotel Milano
2eb4cca2c8143022,9,London,Park Grand London Lancaster Gate
2ec6d3fbf5a3f2e5,9,Paris,Hotel Georgette
2ecd5e33821b3b23,9,Milan,Radisson Blu Hotel Milan
2ee3140bf84940f8,9,Paris,Hotel Elys es Bassano
2f6411119addffe5,9,London,Threadneedles Autograph Collection
2f8232788e0a8903,9,Barcelona,Expo Hotel Barcelona
2fb4217921b8ab19,9,London,Bentley London
2fd476aeb3a08365,7,Paris,Best Western Premier Kapital Op ra
2febd3170d1de7ce,9,Barcelona,Catalonia Ramblas 4 Sup
303b2eec9c790940,9,Vienna,The Ritz Carlton Vienna
3049f6062044bac9,8,Paris,Golden Tulip Bercy Gare de Lyon 209
30696ea3a154024f,9,London,Hotel Indigo London Kensington
3070a80759a11388,9,Paris,Garden Elys e
307d13097f262efe,9,Amsterdam,Hotel Vondel Amsterdam
30f78c91fa3203d0,9,London,Millennium Hotel London Knightsbridge
3117cacbda28544c,9,London,Novotel London Tower Bridge
311a1c0700dfc144,9,Milan,TownHouse Duomo
312cb161f5115764,9,Barcelona,Hotel Garbi Millenni
31414672bbc25afd,9,Paris,Hotel The Peninsula Paris
315e2dd32d6742ed,9,Paris,Victoires Opera
31bd6ec22df35861,9,London,Commodore Hotel
31c04d5e58864658,9,London,The Mandeville Hotel
31c0e1d199c95137,9,Paris,Mercure Paris 19 Philharmonie La Villette
31e7ee406b7628d7,9,London,The Beaumont Hotel
32168f5a4c50561d,9,Paris,Grand Pigalle Hotel
321c08039a3ce2bb,9,Amsterdam,Hampshire Hotel Amsterdam American
32c66202fd9a80e3,9,Vienna,Schlosshotel R mischer Kaiser
331515d0b5d97153,9,Paris,Suites H tel Helzear Champs Elys es
33283afeefbd4d6f,9,Paris,Hotel Maison FL
336c421c329e9de1,9,London,Pullman London St Pancras
337447ecda00ecfe,9,Vienna,Hotel K nig von Ungarn
337b73e81602c596,9,London,Grosvenor House A JW Marriott Hotel
34343e6e5670ef74,9,Paris,Best Western Plus Elys e Secret
343f143ee8b98fd9,9,London,Hotel Xenia Autograph Collection
348f955edceadb77,9,Milan,Hilton Milan
34c7ea6e7a0cdd65,9,London,Hilton London Tower Bridge
34ce2e5a07dd00c2,7,Barcelona,Upper Diagonal
3547af4c56c7bf9e,9,London,Park Grand London Kensington
35c377b6e95f0cc2,9,Paris,Villa Montparnasse
35f3e15097c7e70a,9,Paris,Hotel Cambon
36027c950fb3a82e,9,Barcelona,H10 Casanova
361b926ba3e6c43b,9,London,London Marriott Hotel Regents Park
3635cd22af3c1a5d,9,Amsterdam,Bilderberg Garden Hotel
365726ae14ee7e6a,9,Milan,Hotel Sunflower
369077c44cbb25cd,9,Barcelona,H10 Art Gallery 4 Sup
36b227b955651f4b,7,Paris,Mercure Paris Gobelins Place d Italie
36c3e51bd45c044d,9,Barcelona,Hotel Margot House
36c98c8cba93e2f9,9,London,The Dorchester Dorchester Collection
36cd5862c2d1fafd,8,Milan,IH Hotels Milano Puccini
3728272126c92bb9,9,Vienna,Club Hotel Cortina
3731f2d232194aeb,9,Paris,Mercure Paris Gare De Lyon TGV
373dba71bd6c3719,9,London,The Victoria
37737fc7e255a82f,9,Milan,ME Milan Il Duca
37b750bae938d82a,9,Paris,Mercure Paris Notre Dame Saint Germain des Pr s
37bdad970d57b156,9,Milan,Sina De La Ville
37c3898c34c7a9e6,9,Paris,Holiday Inn Paris Gare de l Est
37f2882a0007f323,9,Amsterdam,Room Mate Aitana
381abf072f6d1d8b,9,London,Hotel Indigo London Tower Hill
382507af54e69ca2,9,Milan,LHP Hotel Napoleon
386fedd969e33f79,9,Vienna,Atlantis Hotel Vienna
389a18e5d76b5875,9,Barcelona,Eurostars Ramblas
38a88334f9ee7a1c,9,Amsterdam,Best Western Blue Tower Hotel
38bb68af0db6c5ec,9,Barcelona,Melia Barcelona Sarri
38beefc05895499f,9,Paris,Le Cinq Codet
390b04e08b2bccab,9,Barcelona,NH Barcelona Stadium
39137be41efbe6c1,9,Barcelona,Col n Hotel Barcelona
39182d14c3f8907e,9,Vienna,Hotel Parco di Sch nbrunn Vienna
39349c419fbfedae,9,Paris,H tel Lancaster Paris Champs Elys es
393c1b80bfe8d937,9,Amsterdam,Mercure Hotel Amsterdam Centre Canal District
39776581bfb7ed4d,9,Paris,Hotel Spa La Belle Juliette
39fd5416adb53c55,8,Paris,Hotel Stendhal Place Vend me Paris MGallery by Sofitel
3a1759f94c307a4b,9,London,Norfolk Towers Paddington
3a22e437c8ab8d1b,8,London,The Piccadilly London West End
3a2c96b7921de1d6,9,Barcelona,U232 Hotel
3a9e18b2a0519f45,9,Barcelona,Catalonia Catedral
3aab64253445c23b,9,Paris,H tel Regina
3acfed91a3017b7d,4,Paris,Maison Albar Hotel Paris C line
3ad0790fcf7a79d0,5,Milan,Hotel Boutique Duomo
3ad22d41fcb22877,7,Amsterdam,The College Hotel
3b0571b550ead9e0,9,Vienna,Hotel Regina
3b1f4e2ecdd1b8e7,9,London,Fifty Four Boutique Hotel
3b3ee3af176e445e,9,Amsterdam,art otel Amsterdam
3b4dc693e181c041,9,Barcelona,Sixtytwo Hotel
3b5b890677b3168f,8,Paris,Amp re
3b7957ad000cf9ea,9,London,45 Park Lane Dorchester Collection
3c5fcafeea9402f1,9,Vienna,Das Opernring Hotel
3c89d62ed98df3f3,9,London,Grange White Hall Hotel
3d302dc62fa27a5d,9,London,The Montcalm Marble Arch
3d30ef2d8c74f0d2,9,Milan,Starhotels Anderson
3d45112dee7bbb03,9,Paris,Golden Tulip Opera de Noailles
3d8704e44291e163,9,Milan,IH Hotels Milano Lorenteggio
3dce46505dc61dc6,9,Vienna,Hotel Johann Strauss
3dd8e0650b6e2167,9,Barcelona,Hotel Alimara
3e2f70fb86c45cb8,9,Barcelona,H10 Port Vell 4 Sup
3e321d9525370616,9,London,Hotel Cafe Royal
3e600131aa15e1f1,9,London,Hotel du Vin Cannizaro House Wimbledon
3e8752c9c1779ccc,7,Paris,H tel Le Royal Monceau Raffles Paris
3eb90de8f9b55d91,9,Barcelona,Hotel Regina
3ec76141c6c3805f,9,Paris,Mercure Paris Opera Garnier
3efcf19efe38a02b,9,Milan,Antares Hotel Rubens
3f045697bab0839f,9,Vienna,pentahotel Vienna
3f0d81e40b8a31da,9,Paris,H tel Crayon Rouge by Elegancia
3f4d6854221f8735,9,London,New Linden Hotel
3f634b936abfde6b,9,Paris,Hotel Oscar
3fd1964fc91858da,9,London,Shangri La Hotel at The Shard London
40043710a32d0cf2,9,Vienna,Arthotel ANA Prime
405d55e6a228bde1,9,Vienna,Mercure Vienna First
4068d9528ad6b124,7,Barcelona,Hotel Serhs Rivoli Rambla
40cf3c3da0989ca8,9,Vienna,Arthotel ANA Boutique Six
4118d622c9691f3c,9,Barcelona,Best Western Premier Hotel Dante
41271a68a168447f,7,Paris,MARQUIS Faubourg St Honor Relais Ch teaux
41514dd596a344af,9,Barcelona,Hotel The Serras
41592bf2895d61c3,9,London,Old Ship Inn Hackney
4184d9dfb9ee0ee4,9,London,Landmark London
41f7d262ed192ba9,9,Barcelona,Zenit Borrell
424a7f56f30e82b9,9,Milan,Worldhotel Cristoforo Colombo
42566608bd534075,9,Paris,Golden Tulip Washington Opera
425dd74dbf72decd,9,London,Sloane Square Hotel
42d8985340a961d4,9,Vienna,Boutiquehotel Das Tyrol
42dcc2b5b242d30c,9,Vienna,Hilton Garden Inn Vienna South
436e37dd59f9a22d,9,London,The Langham London
43955c78a5e51a55,9,Milan,Mokinba Hotels Baviera
43acb8108fdd96cc,9,London,The Hoxton Holborn
43f0b9c19bca8c93,9,Milan,Best Western Hotel City
44828c96327c02f9,9,Paris,H tel Vernet
449c09a7ad8e8dc3,9,London,The Montcalm At Brewery London City
44daf773e97abf4b,9,Barcelona,Mandarin Oriental Barcelona
456cecccb1484144,9,Milan,UNA Hotel Scandinavia
4573dc60bc03b784,9,Paris,H tel des Academies et des Arts
45b00115ea187a5c,8,Paris,Mandarin Oriental Paris
45bcd9e6bca3ffb2,8,Paris,Mercure Paris Bastille Marais
45e7ddc52bdbcc74,9,Paris,H tel Champs lys es Plaza
4629d540e64e47bc,9,Barcelona,Hotel Omm
466ea58c8df37fa4,9,Paris,Holiday Inn Paris Saint Germain des Pr s
46713edc2e417f0f,9,Milan,Best Western Hotel Ascot
46739f2ec366167f,9,London,London Elizabeth Hotel
4693de915b840933,9,London,Club Quarters Hotel Lincoln s Inn Fields
469f2d453f7e048d,9,Milan,Excelsior Hotel Gallia Luxury Collection Hotel
46aa2b032a80b718,9,Paris,Mercure Paris Gare Montparnasse
46bf793bf071dee5,9,London,London Bridge Hotel
470d258d69282802,9,London,Grange City Hotel
475cf7116566e27b,9,Paris,Le 123 S bastopol Astotel
478251fd71fceb3b,9,Amsterdam,NH Carlton Amsterdam
478ccfd557f9432a,9,Vienna,Vienna Marriott Hotel
47929cbc89131f67,9,London,St James Hotel Club Mayfair
47be0789928a0647,9,London,Holiday Inn London Oxford Circus
47d1641737451b42,9,Vienna,Hotel Wandl
480b968aebb182a7,9,Paris,Newhotel Roblin
484ea60e102a55a2,9,Paris,Relais H tel du Vieux Paris
486405101a831846,9,Paris,H tel Madison by MH
4870af97b7a4691d,2,London,Marlin Waterloo
48b35b3a4754d454,9,Amsterdam,Andaz Amsterdam Prinsengracht A Hyatt Hotel
48cb42045f9f1c39,9,London,Novotel London Wembley
4905f8d3a31578d0,9,London,Saint Georges Hotel
491445c4608a873a,9,London,Novotel London Blackfriars
49b94dfb3100612f,6,London,Boundary Rooms Suites
49c67f2f9e708fb0,9,Barcelona,The Gates Diagonal Barcelona
49ed350786cc6026,9,London,Holiday Inn London Bloomsbury
4a05079bdd0b6269,9,Amsterdam,Hotel JL No76
4a3b6981515da34e,9,Paris,Novotel Paris Centre Tour Eiffel
4a532074d82c63f7,9,Paris,H tel Duc De St Simon
4a5ab28385ffdb8c,9,Milan,NH Collection Milano President
4a69d6275825d030,9,Paris,Chateau Frontenac
4a71b0081e191716,9,Vienna,Hotel Kaiserin Elisabeth
4a8cb2d2019ef562,9,Vienna,Hotel de France Wien
4a9485ac06cec896,9,Vienna,Best Western Hotel Pension Arenberg Wien Zentrum
4aabac7daa29f4bd,9,Paris,Hotel Design Secret de Paris
4ada0c26db4b3380,9,London,Hotel 55
4aea431c0de9d173,9,Barcelona,Aparthotel Mariano Cubi Barcelona
4af7b06dc7a26ec8,9,London,Gainsborough Hotel
4afe0e798095c178,9,Milan,Best Western Hotel Major
4b04b6b18f0fcd76,9,Paris,H tel Fabric
4b1e50868a5ca414,9,London,Rafayel Hotel Spa
4b1fa3b404b0e27b,9,Paris,H tel Mansart Esprit de France
4b2369a15c4dd346,9,Paris,H tel Baume
4b2fd0f37b859309,9,London,Simply Rooms Suites
4b4985d919f7f4bb,9,London,Holiday Inn London Whitechapel
4b60065d00dd8317,9,London,Park International Hotel
4b63e96ffacb6808,7,Paris,D clic Hotel
4b8c4f10522ace0e,9,Paris,Timhotel Op ra Grands Magasins
4b942e7e6c024782,9,London,The Soho Hotel
4bb352406ea3983f,9,London,Holiday Inn London Brent Cross
4bb5dc3f74d5a58d,9,London,Baglioni Hotel London The Leading Hotels of the World
4bcdf839d1dcf4de,9,London,Pestana Chelsea Bridge Hotel Spa
4c14cf38d2d88351,9,Milan,Best Western Madison Hotel
4c4fab25b5c198e8,8,Milan,Hotel Silver
4c82e9eb246629dd,9,London,The Capital
4cacd7bc671eeb46,9,London,The Waldorf Hilton
4d1aedb541ee47ac,9,London,Apex London Wall Hotel
4d1fa033cebf6037,9,Vienna,Courtyard by Marriott Vienna Prater Messe
4d20d4729e8b7cb2,9,Amsterdam,Radisson Blu Hotel Amsterdam
4d421dab63beec31,9,Amsterdam,Royal Amsterdam Hotel
4d545c6325aa0f26,9,Milan,Hotel Capitol Milano
4d576a48b5adc360,8,London,The Nadler Victoria
4d5d6e97c0d60450,9,Paris,Melia Paris Tour Eiffel
4db6c06bc2264062,9,Paris,Best Western Op ra Batignolles
4dbbd923ef8d4b9e,9,Amsterdam,Savoy Hotel Amsterdam
4dbf5edc88604e67,9,Paris,Best Western Amiral Hotel
4dc934a74b9ef558,9,Barcelona,Acta Atrium Palace
4e2dc7fb4e1525e7,9,Barcelona,Hotel Balmoral
4e6a319e088ae768,9,London,The London EDITION
4eab38e011783e4f,5,Paris,Renaissance Paris Republique Hotel Spa
4ee5243560d56abe,9,Paris,Hotel Indigo Paris Opera
4ef90b1ccc6a985e,9,Vienna,Appartement Hotel an der Riemergasse
4f104366c5a4e3c1,7,Amsterdam,NH City Centre Amsterdam
4f69fdc472e9e40a,8,Paris,Best Western Allegro Nation
4fc14924d108f319,9,Amsterdam,NH Amsterdam Centre
4fc7a64d77ebedac,9,Vienna,Sofitel Vienna Stephansdom
4fcce5c35ad33206,6,Paris,Pershing Hall
4fea2de4ee4db3c5,9,Vienna,Hotel Zeitgeist Vienna Hauptbahnhof
5002a415cb128aef,9,London,Malmaison London
50037bd7efd4dba2,9,Milan,Mokinba Hotels Montebianco
507b10fb5d02b3fd,9,London,My Chelsea
509bdb04b0cb84b5,9,Paris,Royal Garden Champs Elysees
50e4c1ff158bc8ec,9,London,Grand Royale London Hyde Park
5128e972eaf847a6,9,London,London City Suites
5131ee57d63f089d,9,Paris,Sofitel Paris Baltimore Tour Eiffel
513c22124ae9c7a9,9,Vienna,Mercure Grand Hotel Biedermeier Wien
519653c2d9d271c6,8,Paris,Le Meurice
51bd8e602c730b26,9,Barcelona,Grand Hotel Central
51cc9dd8710286f5,9,London,The Cumberland A Guoman Hotel
51d2da9c0f86639c,9,London,Shaftesbury Premier London Paddington
51d55c59364a9509,9,London,Staybridge Suites London Stratford
52050ad4f709395e,9,Milan,Hotel Magna Pars Small Luxury Hotels of the World
52385d133f1317ed,9,Barcelona,Ayre Hotel Rosell n
5238613fa14c99a0,9,London,The Goring
526fa9f12ed5175e,7,Milan,MiHotel
52910ad79ca6bbab,9,London,Henley House Hotel
5292306d6ac3f590,9,London,DoubleTree by Hilton London Chelsea
52cd492f5b96bb7a,9,Milan,Rosa Grand Milano Starhotels Collezione
52e45bda63c179d8,9,London,Dorsett Shepherds Bush
52f7a53d9d52f8c8,9,Paris,Millennium Hotel Paris Opera
530029eef44d43dd,3,Paris,H tel Amastan Paris
530d1194a1ea1132,9,Barcelona,H10 Urquinaona Plaza
5311313ac5f2834c,9,Vienna,Hotel Ambassador
53132845af8c63ac,9,London,Shaftesbury Metropolis London Hyde Park
539591b44d8dcfd2,9,Paris,Hotel Claridge Paris
53b227ef8bddb87b,9,London,Paddington Court Executive Rooms
53b45433b2454f52,9,London,Royal Garden Hotel
53df1b791ef22a39,9,London,Grange Tower Bridge Hotel
545343709425f474,9,London,Hilton London Olympia
5464849576e5d4f9,9,Amsterdam,Apollo Hotel Amsterdam
54af653478caa8b7,9,Barcelona,Hotel Espa a Ramblas
54b45e7b1674ec84,9,Milan,Hotel Spadari Al Duomo
54cfcb5273954f80,9,London,Hazlitt s
54e318eeadcf2506,9,Paris,B Montmartre
55785934e4415281,9,Vienna,Hotel Park Villa
569d26f94c25e4af,9,London,Radisson Blu Portman Hotel London
56b80473088e80a9,2,Paris,Hotel Eiffel Blomet
56c5bb7d28d0aa06,9,London,Arbor Hyde Park
56eb3beb416f9ef2,9,Amsterdam,Mercure Amsterdam Sloterdijk Station
56f10007ddbb9ff5,8,Milan,Mercure Milano Regency
571e69f1d44b7bed,9,Amsterdam,Holiday Inn Amsterdam
572188f9033b5899,9,London,DoubleTree by Hilton London Islington
573aaedcd3eac57f,9,Vienna,Exe Vienna
57521e2998c099e6,9,London,St Paul s Hotel
57887f3eb2de06cb,6,London,The Bryson Hotel
57e37f5d7dddce62,9,Paris,Hotel Parc Saint Severin Esprit de France
5830ed37e84758d4,9,Paris,Best Western Mercedes Arc de Triomphe
589590dc42b0cf56,9,Paris,Lyric H tel Paris
58c7828bc1d9ffdc,5,London,The Westbourne Hyde Park
58ccc4d0f0d6a393,9,Paris,Balmoral Champs Elys es
594f70397bb4e64b,9,Vienna,JUFA Hotel Wien
5995c3279ab92a30,9,Paris,Eiffel Trocad ro
5999911a09a8b6d8,9,Paris,H tel Th r se
59ec8a94cb8f6b0c,9,Paris,Hotel Le Mareuil
5a3f36be499a9c17,9,London,DoubleTree by Hilton London Victoria
5a42f2f77a4ec2ea,9,London,London Marriott Hotel Kensington
5a4483853e2214f5,9,London,The Royal Park Hotel
5a4efbdc904e6072,6,Amsterdam,Hampton by Hilton Amsterdam Centre East
5a536cb8d2d70030,4,London,Good Hotel London
5ad0225950c979eb,9,Amsterdam,NH Amsterdam Noord
5ad27ca90def811c,8,Paris,H tel France d Antin Op ra
5b4f34e759743410,9,Paris,H tel Powers
5b5c3f9f7a84f013,9,Barcelona,Sunotel Club Central
5bc8426da24058b0,6,Barcelona,Ohla Eixample
5bd1979b6211fe3e,9,Vienna,Austria Trend Hotel Ananas Wien
5bd46553a7aeeabe,9,Barcelona,H10 Marina Barcelona
5c2f2b0209b22b12,9,Barcelona,Royal Ramblas
5c6ac8c9cfcc8083,9,London,Mercure London Kensington Hotel
5c9c3ab6de8b8636,9,London,The Sumner Hotel
5c9d61a06f32fe92,9,Barcelona,Hotel Derby
5ca449caf0cf472b,8,Milan,Idea Hotel Milano San Siro
5ce486c0c376f49f,9,London,Best Western Mornington Hotel Hyde Park
5cfb30c41b2e70d9,9,Milan,Enterprise Hotel Design Boutique
5cfe1a4ece73362b,9,Barcelona,Hotel Front Maritim
5d2b1224b4c09c13,9,London,Rosewood London
5d4943233f3a3d39,9,London,The Royal Horseguards
5d7d451afa816ac3,9,Vienna,The Ring Vienna s Casual Luxury Hotel
5d835f699ccbed92,7,Paris,Hotel Chavanel
5d860914a64ae223,9,Paris,Majestic Hotel Spa
5e04ef33a2ef4ce4,9,London,The Grand at Trafalgar Square
5e25c2c969c6bd2b,9,Milan,Hotel Sanpi Milano
5e61720f2da469af,9,Barcelona,Olivia Plaza Hotel
5e6bf0076adb3faa,9,Vienna,NH Danube City
5e7f187a34f33f24,9,Paris,Best Western Plus de Neuville Arc de Triomphe
5ea36c577666c85b,9,London,The Lodge Hotel Putney
5ebc34e30b66c865,9,Milan,Hotel Santa Marta Suites
5ecbc122a06dbd98,9,Paris,AC Hotel Paris Porte Maillot by Marriott
5ed601791e1bfa87,9,Barcelona,Ayre Hotel Gran V a
5ee84f1b44420fe4,9,Barcelona,H10 Metropolitan 4 Sup
5f47e8da1f477e4a,9,Milan,Hotel Lloyd
5f6227a02f0adb59,9,Milan,Hotel Michelangelo
5f72d291fe9e46b0,9,London,The Premier Notting Hill
5f9deb22e62c3ff8,9,London,Great Northern Hotel A Tribute Portfolio Hotel London
5fb67263bc063e60,9,Paris,Best Western Nouvel Orl ans Montparnasse
5fd3ec54b61ce79d,9,Paris,H tel des Champs Elys es
5ff3a0dadd5afd53,9,Paris,H tel Bedford
600683b837e9fa2c,9,Paris,Best Western S vres Montparnasse
608744238003af03,9,Paris,Franklin Roosevelt
609bb02ea0939ff8,9,London,Thistle Kensington Gardens
60e1d40094f4caad,6,Amsterdam,NH Collection Amsterdam Barbizon Palace
60fc41fe4c1308cc,9,London,Melia White House Hotel
610631c2563b0435,9,Paris,Hotel des Tuileries Relais du Silence
612f500cb0244c75,8,Paris,Villa Eugenie
615126f32fa11e16,9,London,The Ritz London
6183bf9eadb9b6c9,3,Barcelona,The One Barcelona GL
61943ca5291c8714,9,London,11 Cadogan Gardens
61a28cbaed2b2dfc,9,Vienna,The Levante Parliament A Design Hotel
61c3d7a2294da93e,9,Barcelona,Gran Hotel Torre Catalunya
61c60e2184b19cda,9,Paris,Grand Hotel Saint Michel
61d6a018bec3dae8,9,London,The Belgrave Hotel
61d837f21ede63cf,5,Barcelona,H10 Casa Mimosa 4 Sup
61f2d9e7cd22714e,8,Amsterdam,W Amsterdam
6226418e5cc789f1,9,London,Grange Fitzrovia Hotel
625f0d817ed634da,9,Paris,Park Hyatt Paris Vendome
62ec1d0558f5b3e7,9,Paris,Auteuil Tour Eiffel
6303db29040967f2,9,Paris,Atala Champs Elys es
633069ad00e0a6b5,9,Milan,Best Western Antares Hotel Concorde
6334cfffc8d791c9,9,London,Batty Langley s
639c5d459b4f5dcc,9,Vienna,K K Palais Hotel
63adf3090c4272d7,9,Paris,Hotel Mademoiselle
63c48c86df0b5b90,9,Paris,Maxim Op ra
63ce94f8a1cf41e2,9,Amsterdam,Albus Hotel Amsterdam City Centre
63ded13afb034709,9,London,DoubleTree by Hilton London Ealing
63df1ece3ee3ee24,9,London,The Bailey s Hotel London
64291d6139625a91,9,London,La Suite West Hyde Park
6479d0a18e8d0565,9,Paris,Hotel Saint Dominique
647c41496f97a28e,9,Paris,Le A
648ecea194206a90,9,Milan,Hotel Dei Cavalieri
649de95e4e9c9ee7,9,Vienna,Lindner Hotel Am Belvedere
64a496f6db2a558c,9,Milan,Grand Hotel et de Milan
64ddba5f26341072,9,Barcelona,Hilton Barcelona
65555cd0e5c48e58,9,Barcelona,Pestana Arena Barcelona
658f4d7d2dea712d,9,London,Novotel London City South
65938422d890568f,9,London,K K Hotel George
65c012125a25b33e,9,Vienna,Hotel Palais Strudlhof
66305d5a8f0ce4b2,9,Milan,IH Hotels Milano Watt 13
6637d07d5fbf3fdb,9,Barcelona,Hilton Diagonal Mar Barcelona
6650382f63c27183,9,Amsterdam,Golden Tulip Amsterdam West
66686528cc73150c,7,Milan,DoubleTree By Hilton Milan
66a60f0458946592,9,London,Grange Buckingham Hotel
66c0b9df7d47a4a4,7,Barcelona,ABaC Restaurant Hotel Barcelona GL Monumento
66c5453e1d4914af,9,London,Hilton London Metropole
66cb9e32dd522298,7,Paris,H tel Mathis Elys es
672f9cf613d9df17,7,Paris,Renaissance Paris Le Parc Trocadero Hotel
674d4b3743d9defa,9,London,Conrad London St James
6774286e64c67b93,8,Paris,Hotel Le Placide Saint Germain Des Pr s
67bf45808269ee3f,9,Vienna,Hotel Sacher Wien
67d42835042359e7,9,Paris,Hidden Hotel by Elegancia
67df83146957298f,2,Paris,Hotel Whistler
68066230a2e409e1,9,Milan,Barcel Milan
68167cb9f40b777d,9,Paris,H tel La Parizienne by Elegancia
682a8af378968290,6,London,Georgian House Hotel
68be4b78519cdb99,9,London,ME London by Melia
68cc09fca8c8c7a0,9,London,Shaftesbury Hyde Park International
68d77ec470c8b933,9,Paris,Le Pavillon des Lettres
68e79a59e47d94a4,9,Paris,Le Dokhan s a Tribute Portfolio Hotel
68f277ffbaa7cc23,9,Barcelona,Guitart Grand Passage
69159bd4e62bf2c7,9,Paris,Hotel Plaza Elys es
6921d662abc5acc1,6,London,London Marriott Hotel Park Lane
693eb0278f7da676,9,London,Sanderson A Morgans Hotel
695034ef8ef7263b,9,London,The May Fair Hotel
695b8d0709769224,3,Paris,Le Tsuba Hotel
698288a277317b5a,9,Barcelona,Attica 21 Barcelona Mar
69b02fe7a01bbcda,9,Milan,Hilton Garden Inn Milan North
69dc6ddd2615bb6d,9,Barcelona,Evenia Rossello
69e727e11a8049ac,9,Vienna,Austria Trend Parkhotel Sch nbrunn Wien
69fa0c03202c3b11,9,London,Grange Wellington Hotel
6a2cf903515b16ec,9,Paris,Hotel Plaza Athenee Paris
6a3b6b926ddfb3eb,9,Milan,Hotel Lombardia
6a68f0a2e4cbae69,9,Paris,Les Jardins De La Villa Spa
6a80eb6db613405c,9,Amsterdam,Boutique Hotel Notting Hill
6a9b160b9321dc44,9,Milan,Grand Visconti Palace
6aa0046e22e3f76e,8,London,Hilton London Bankside
6aeb4605b57b38a5,9,Milan,Milan Marriott Hotel
6b1f1cdac45be7aa,9,London,London Marriott Hotel County Hall
6b20780eca00e9f5,6,Paris,Le G n ral H tel
6b882cdcb29662c9,9,London,Holiday Inn London Regent s Park
6b99c157be448e3a,9,London,Mondrian London
6bab1d13740b452a,8,Barcelona,Sansi Pedralbes
6c12fb6144d8734d,4,Barcelona,The Level at Melia Barcelona Sky
6c1402e5bfe52892,9,London,Thistle Hyde Park
6c23d578173bb5c3,7,Paris,Hotel La Lanterne
6c2fdb3032ed33ea,9,Paris,Vice Versa
6c362afcfd4358c0,9,Paris,Hotel Louvre Montana
6c58fb835be685ab,9,Amsterdam,Best Western Plus Hotel Blue Square
6c8520970f666b75,9,London,Club Quarters Hotel St Paul s
6d0a807f2ffcd675,9,Vienna,NH Wien City
6d11adc13efe63b9,9,London,Holiday Inn London Stratford City
6d68b2bd1b374ae4,9,Barcelona,Ako Suites Hotel
6d8d056e67d5abbf,9,Paris,Mercure Paris Montparnasse Raspail
6d99f0fe24d66513,9,Milan,UNA Maison Milano
6df90475bce34ca5,9,Amsterdam,InterContinental Amstel Amsterdam
6e2993f2e9ca030d,9,Amsterdam,Grand Hotel Amr th Amsterdam
6e63ecb851c01c92,9,Paris,Best Western Premier Le Swann
6e65e4fa02202d3e,9,Milan,Starhotels Ritz
6e747220df3fc171,8,Milan,Hotel Portello Gruppo Minihotel
6e972c27877407f9,9,Barcelona,Catalonia Square 4 Sup
6ee0d583a77d399b,9,Vienna,The Harmonie Vienna
6f38dad2dab23287,9,Vienna,City Hotel Deutschmeister
6f511143222afdab,9,Vienna,Hotel Mercure Wien Westbahnhof
6fa24c511ad0eafe,5,Paris,Nolinski Paris
6fa995d415a4edbd,9,Barcelona,Le M ridien Barcelona
7026378ed89e1ce8,9,Milan,Hotel degli Arcimboldi
711fc61eed501f54,9,Paris,H tel Original Paris
7146a11b10f4747c,9,Paris,K K H tel Cayr Saint Germain des Pr s
717539e5d34ed939,9,Vienna,Fleming s Conference Hotel Wien
71904f4bcc6e9fe5,9,Barcelona,Hotel Rekord
71b2e800e0d94722,9,Milan,Sheraton Diana Majestic
72402f3a9b22794d,9,Milan,Admiral Hotel
7251fcf3aad5ec6a,9,London,Megaro Hotel
72662d1c1bdcfd7b,9,Vienna,Austria Trend Hotel Lassalle Wien
7283d7277a1f04af,9,London,Seraphine Kensington Gardens Hotel
72a17a75f5578ae9,9,Paris,H tel du Minist re
72c4b5f9e83a3602,8,London,Hotel 82 London
72f5f6dab2828a4b,9,Paris,Maison Albar H tel Paris Champs Elys es ex Mac Mahon
7380a8405ded48a7,9,Paris,Novotel Paris 17
738b70a9cd890837,9,London,Park Avenue Baker Street
7401aa6ea44705fd,9,Amsterdam,Ozo Hotel
741cec4a4f93e8a8,9,London,Sydney House Chelsea
7492b0d0de265097,3,Paris,La Villa Haussmann
74968eef3004668b,9,Vienna,DO CO Hotel Vienna
74e3355f784e0975,9,Paris,Melia Paris Notre Dame
751b1e68958af902,9,London,W London Leicester Square
756ab938c0f81b7c,9,Milan,Nhow Milan
757a0d6f65beacad,9,Paris,H tel California Champs Elys es
75f70ddaa5636939,9,Barcelona,Hotel Vueling Bcn by HC
76398bc60a7868dc,7,Paris,H tel Regina Op ra Grands Boulevards
764ec02e91fc4043,9,Paris,Nell Hotel Suites
76bbd2036d71d588,9,Vienna,FourSide Hotel Vienna City Center
76d5441bf61e7e32,4,Paris,Snob Hotel by Elegancia
76dec225c494067a,9,Vienna,Hotel Prinz Eugen
76e592203e730e69,2,London,Lansbury Heritage Hotel
772c889c07d946a7,9,London,Flemings Mayfair
77415cff18df4f6e,9,Barcelona,Tryp Barcelona Condal Mar Hotel
776293d7fa61c336,9,Paris,Le Burgundy Paris
776dc7a639294694,9,Vienna,Austria Trend Hotel Savoyen Vienna
777daf848e9dce62,3,London,Novotel London Canary Wharf
779900ba80ed0740,9,Paris,Residence Du Roy
77995221d08c1e57,9,London,The Kensington Hotel
77f1d78c14932962,9,London,Copthorne Tara Hotel London Kensington
77f668399e268619,9,Paris,Mercure Paris Centre Tour Eiffel
780104af8493f563,9,Vienna,Hotel Topazz
7835c2d76603a45c,6,London,88 Studios
786c1b6346dd65b8,9,London,Britannia International Hotel Canary Wharf
78892a4e296a8e42,9,Paris,Royal Saint Honore
788d2ae821e0b312,9,Paris,H tel Saint Paul Rive Gauche
78cdd4ccbf690d8f,2,Barcelona,Room Mate Gerard
78ecd800f75c533e,9,London,Staunton Hotel B B
796ef4de4c7b4833,7,Amsterdam,Urban Lodge Hotel
79b78ce7e6f099e0,9,London,Apex City Of London Hotel
79c50ee1ab69159b,9,Paris,Le Grey Hotel
7a28d2b5541e2777,9,Milan,NH Milano Palazzo Moscova
7a83b2073b9d0fa2,9,Barcelona,Abba Sants
7aa3344a30731338,4,Vienna,Hotel Bellevue Wien
7aae46fe8219345b,9,Barcelona,H10 Universitat
7b324167d74b437c,9,Paris,Relais Christine
7b6a7e7516645d5c,9,Milan,IH Hotels Milano Ambasciatori
7ba38027ef7f3b06,9,London,DoubleTree by Hilton London West End
7bcd58fd7a4273af,9,Amsterdam,DoubleTree by Hilton Hotel Amsterdam NDSM Wharf
7c1353a2c2cc5de4,9,Milan,ADI Hotel Poliziano Fiera
7c36ad0237cf8ac3,3,London,Park Plaza London Park Royal
7c6859bcf856abc2,9,Barcelona,Catalonia Born
7c7b9edcbd941ad0,9,Milan,Hotel Galileo
7cb829493eb51e68,9,Barcelona,Cram
7d352e4731bb85cb,9,London,The Laslett
7d3a597d549f2009,9,Paris,Hotel Carlton s Montmartre
7d896c6d450900d4,9,London,The Pillar Hotel
7db34d6fa95bdb24,9,London,Ashburn Hotel
7de99cdce9e34976,9,London,London Marriott Hotel Grosvenor Square
7e1fbfe92ed95a59,8,Paris,Timhotel Op ra Blanche Fontaine
7e526607e3573196,5,Barcelona,Room Mate Anna
7e5f1c01e2fa94b0,5,Paris,Trinit Haussmann
7e67ddff0e954f27,9,Amsterdam,DoubleTree by Hilton Amsterdam Centraal Station
7eabed9e42ac413f,9,London,The Trafalgar Hilton
7ec0344bdcf388ab,9,Paris,Boutique H tel Konfidentiel
7edc228895ec52f0,8,Paris,Legend Saint Germain by Elegancia
7f17473552763711,9,Vienna,Hilton Vienna
7f92d432deac3902,9,Paris,L H tel
7fec8fcb8dfd14b3,9,Paris,InterContinental Paris Le Grand
8029d629692769dc,9,Paris,Le Marcel
8042e9a1a00f70cb,9,Barcelona,Gran Hotel Barcino
804e77328614bdc1,9,London,The Bloomsbury Hotel
805dcc4982d6e3e3,9,Barcelona,Acta CITY47
806a218a8ffe603b,9,Vienna,Pakat Suites Hotel
80868f552cd15fa6,9,Barcelona,Mercer Hotel Barcelona
80c81be6363450b5,7,Paris,Kube Hotel Ice Bar
80d7774dad96b78c,9,Vienna,Saint SHERMIN bed breakfast champagne
81111812ebdc7728,9,London,Shepherd s Bush Boutique Hotel
812a3db7afbcc9db,9,Barcelona,Hotel Indigo Barcelona Plaza Catalunya
812d8198df1d3e1e,9,London,Thistle Trafalgar Square The Royal Trafalgar
814c18d1c6726a83,9,Vienna,IntercityHotel Wien
816e484bdc86ce32,9,Vienna,Hotel Stefanie
820e9138d1a7d601,9,Vienna,Hotel ViennArt am Museumsquartier
823280a7eaf342d7,9,London,Novotel London Greenwich
8238668a813c8692,9,London,The Wellesley Knightsbridge a Luxury Collection Hotel London
82676db0501f3c3e,9,London,The Ampersand Hotel
8277ebe86116bfa8,9,Paris,Windsor Opera
82a3663dbec25997,9,Vienna,Hotel Amadeus
82a726c374021123,9,London,Apex Temple Court Hotel
830a9897dc6307c3,9,Paris,H tel Le Marianne
83aecee53fc35e57,9,London,Portobello House
83b53a54a30341b7,9,London,St George Hotel
83f84762b6e622a2,9,Barcelona,Vincci Bit
840dc76908beec32,9,London,Park Grand London Hyde Park
84105cb6b7bcf23b,9,Milan,Milan Suite Hotel
843ec3f7d6784d0b,9,Paris,Banke H tel
844976a96f9c658f,9,London,One Aldwych
847411bdd9ab6648,7,Paris,Mercure Paris Op ra Faubourg Montmartre
849c53491de5836d,9,Paris,La Maison Champs Elys es
84e6b85dd412c0d4,9,Barcelona,Vincci Maritimo
852f65a0fbf5b9b3,9,London,The Chamberlain
8534da77f97f2f84,9,Amsterdam,Inntel Hotels Amsterdam Centre
8583389d60cf84d8,9,Amsterdam,The Toren
859d48614b8571b7,9,Milan,Hotel Mercure Milano Solari
85b757f27fd116a7,9,Vienna,Palais Hansen Kempinski Vienna
85c2b5a741751814,9,Amsterdam,Park Plaza Victoria Amsterdam
864a923387779c2f,9,Barcelona,Catalonia Diagonal Centro
8665584d41e0cc44,9,London,Radisson Blu Edwardian Berkshire
8698e801e03ca779,9,London,Mandarin Oriental Hyde Park London
86a782147c70950c,9,Vienna,Hotel Capricorno
86d96dc096d7776e,9,Amsterdam,Canal House
86df8a477add8204,9,Vienna,Falkensteiner Hotel Wien Margareten
86e6a77837eb881f,9,Paris,Montfleuri
870c64e6c2b256b9,9,Paris,Pullman Paris Tour Eiffel
872b2b41810dac8c,9,Milan,Best Western Plus Hotel Galles
872cb02d526dc663,9,London,The Nadler Soho
877983be82564c91,9,Vienna,Hotel Imperial A Luxury Collection Hotel
879428a79e408886,9,Paris,The Westin Paris Vend me
87b2f5bdc658a5ea,9,Paris,Hotel Bachaumont
87c21c2b0b9cbfa3,9,Paris,Hotel Atmospheres
87e4a18d063f2cb2,9,London,The Cleveland
87efe63f56cfaeec,9,Barcelona,Hotel Vilamar
880a2ee0c5189d1c,9,Vienna,Melia Vienna
8890f5f2f27e9eb6,9,Barcelona,H10 Itaca
88af87fae5d601e7,9,Paris,Artus Hotel by MH
88cf1b3024f817e9,4,Amsterdam,Sir Adam Hotel
88d89c1279f18f48,9,Paris,Chambiges Elys es
88f6dde53af25c7a,9,Milan,Senato Hotel Milano
89060c4b51923b87,9,Paris,H tel Arvor Saint Georges
8946cdf76645c7f0,9,London,Best Western Maitrise Hotel Edgware Road
89681006252c8b44,9,London,Ten Manchester Street Hotel
897226058b16b049,7,Paris,Renaissance Paris Vendome Hotel
897cc6d862df55e3,6,Vienna,Hotel Am Schubertring
897cf26ee194def5,9,Milan,Sina The Gray
89d7e4deb666d56a,9,London,Radisson Blu Edwardian Bloomsbury Street
89fa6bc1041feee3,9,Milan,Hotel D Este
8a7a90e163b09fa5,9,London,NH London Kensington
8a9e51617e64e478,9,Paris,H tel Le Bellechasse Saint Germain
8abf3f8fcd79bcfb,9,Milan,NH Milano Grand Hotel Verdi
8ad7cd33674d0e8b,4,Barcelona,Melia Barcelona Sky 4 Sup
8ae2b043f5965f20,9,Amsterdam,Luxury Suites Amsterdam
8aea5d2c188d5b6c,9,Barcelona,Catalonia Plaza Catalunya
8af4d67c9acb693f,9,London,Aloft London Excel
8af90e35b3ed4a16,9,Milan,TownHouse Galleria
8aff1ddf247af83c,9,Vienna,Hotel City Central
8b209d778387347e,8,Paris,Hotel La Villa Saint Germain Des Pr s
8b2a9a8373580bf3,9,Barcelona,Hotel Murmuri Barcelona
8bd17c9906cbc201,7,Amsterdam,Element Amsterdam
8bf918dfc3d2f555,9,Vienna,Austria Trend Hotel Rathauspark Wien
8c211556f5e889cd,9,Barcelona,Catalonia Barcelona 505
8cbbf6ee0ba26a00,9,Paris,Novotel Paris Centre Bercy
8dc49c1496816448,9,London,Best Western The Boltons Hotel London Kensington
8dc87b1b6e2ed3cf,9,Barcelona,Hotel Arts Barcelona
8e5cdaf65ae5380d,5,Paris,Le Narcisse Blanc Spa
8e6084e8fdfc3e0f,9,Paris,Prince de Galles a Luxury Collection hotel Paris
8e793418b18150d8,9,Paris,H tel Montmartre Mon Amour
8e8a3a10759078d6,5,Paris,Hotel OFF Paris Seine
8e9b393de9f90e73,9,London,Courthouse Hotel London
8ea1d3e69a00b9fb,9,Milan,Hotel Manin
8ea418c06990b20d,9,Paris,Mercure Paris Bercy Biblioth que
8ed8a95ceee1f816,9,London,Number Sixteen
8eeb30fb4c43fac4,9,London,Bulgari Hotel London
8f1c46e9b51f87b2,8,Paris,Bradford Elys es Astotel
8f498cf6b8017009,6,Barcelona,NH Collection Barcelona Podium
8f5fe818c1cb772f,9,Barcelona,Hotel Ronda Lesseps
8f646b5e5c41e560,9,Milan,Novotel Milano Linate Aeroporto
8f677d2354889910,9,Paris,Hotel Scribe Paris Opera by Sofitel
8f6bb7bf43ec8598,3,Vienna,Arthotel ANA Westbahn
8f7ce37d5b07ec32,9,Amsterdam,Hotel Amsterdam De Roode Leeuw
8f7f1b5f0bcffc1e,9,Milan,Uptown Palace
8f8b76853b9be3ab,9,London,Blakemore Hyde Park
8ff614c4626fd27d,9,London,Novotel London West
90271d3c7f8fc1aa,9,Vienna,Hilton Vienna Plaza
907880c443b8db9c,9,Paris,Les Jardins Du Marais
908312982add40ff,9,London,Comfort Inn Suites Kings Cross St Pancras
911894cb9fe8df1a,9,Amsterdam,Amadi Park Hotel
912b1cf0fde5c3ba,6,Paris,Hotel Panache
91595ef09e8bd484,9,Paris,Best Western Bretagne Montparnasse
9193c79e6559b9e4,9,Paris,Warwick Paris Former Warwick Champs Elysees
91bc99c5254ff636,9,London,Best Western Plus Seraphine Hammersmith Hotel
92924ecfcd5a80a2,9,London,The Berkeley
92939d100271239b,9,Barcelona,Barcelona Princess
92e2f39412cfe5d8,9,London,Mercure London Bloomsbury Hotel
92ed549e36e32456,9,London,BEST WESTERN Maitrise Hotel Maida Vale
930c9ebbcdf200b8,9,Paris,Le Relais Madeleine
9314525f13bf274e,7,Paris,9Hotel Republique
9342f4cbc694523a,9,Milan,Nu Hotel
9381f8b252bc08ee,9,Milan,Hotel Milano Scala
93ff0ff244c534f6,8,Paris,Les Matins de Paris Spa
941a01efa64b8873,9,London,The Pelham Starhotels Collezione
94342cba94013c9e,9,Vienna,Hotel Boltzmann
94389f2e5f8bf417,7,Vienna,Roomz Vienna
943e9715b6ffab7a,9,Barcelona,Hotel Pulitzer
9458c1ab8cc440d3,6,Paris,Hotel Astor Saint Honor
945cb8e2c53e2839,9,Paris,H tel Le Walt
94ab8bc049791b65,9,London,Twenty Nevern Square Hotel
94e4feefb94ee5c8,7,Paris,Mercure Paris Bastille Saint Antoine
950a2249793318f1,9,Milan,Hotel Bristol
950abad734ef9774,9,Paris,Bassano
9524244cf3d99572,9,Paris,Le Mathurin Hotel Spa
954c67ac42e3ed12,9,Milan,Palazzo Parigi Hotel Grand Spa Milano
95693f2ba7648ce4,8,Paris,Villa d Estr es
956ef79cc3d4fbe5,9,Barcelona,Barcel Raval
958a106c3066331f,9,Paris,H tel Balzac
959df98eb473a797,9,Amsterdam,Hotel Arena
959f875bd46e39b9,3,Paris,BoB Hotel by Elegancia
95c645959d8826c7,9,Vienna,Park Hyatt Vienna
95deefb430598916,9,London,Novotel London Waterloo
9604a2d49cd00172,9,Paris,Relais Saint Jacques
9648fc267c3bb2b0,9,London,Rubens At The Palace
966571dced285cc0,9,Vienna,Cordial Theaterhotel Wien
9675b2a6062f918a,9,Paris,Acad mie H tel Saint Germain
96b2a929cb3a4efa,9,Paris,Hotel Monceau Wagram
96d9cbb82aa8424b,9,Amsterdam,Hampshire Hotel The Manor Amsterdam
96dbfead493657c2,7,Paris,H tel L Echiquier Op ra Paris MGallery by Sofitel
9706151f80a7bc3d,9,London,Radisson Blu Edwardian Vanderbilt
97148bffda3559f8,9,Barcelona,Avenida Palace
9725b775214e0bce,9,Paris,H tel Monna Lisa Champs Elys es
97326e59de1cc4be,9,London,Crowne Plaza London Kensington
9785cada2e7b763d,9,London,Milestone Hotel Kensington
97b8f24b66491c59,8,London,Jumeirah Carlton Tower
98068ed89efda286,9,Barcelona,Hotel Balmes
980abf5c28bb80cb,9,Milan,Brunelleschi Hotel
98343a69a1951bd1,9,London,Rydges Kensington Hotel
986fcf571a296c29,9,Paris,Novotel Paris Les Halles
98722ec1e52e869d,9,Paris,Mercure Paris Terminus Nord
98a669363e89be3a,9,Vienna,Alma Boutique Hotel
98c60043ce9e2a68,9,Paris,Best Western Premier Op ra Opal
98f09f6fe7c0137c,9,Vienna,Austria Trend Hotel Bosei Wien
99003bdc315ae113,8,London,Four Seasons Hotel London at Park Lane
9911b70350369669,9,London,The Grosvenor
995ce1b8dd842761,9,Vienna,Fleming s Selection Hotel Wien City
997c7897f1b6ebee,9,Paris,H tel Raphael
99902f20e284d33c,9,Paris,Le Parisis Paris Tour Eiffel
9998b7721c27c599,9,Paris,H tel Horset Op ra Best Western Premier Collection
99a74e28e7629018,7,Barcelona,Hotel Casa Bonay
9a51c11e78d8ec56,9,London,Holiday Inn London Kensington
9aa81ab6c4f1229d,5,London,citizenM Tower of London
9ac560471984a6cf,9,Paris,Hotel de Seze
9ae8f27fc02ee5d1,9,Barcelona,Hotel SB Icaria Barcelona
9aef7af5a796a799,9,Milan,Four Seasons Hotel Milano
9b4d5f768c781c45,9,Paris,Hotel le Lapin Blanc
9be63c2422440f94,9,Amsterdam,Best Western Delphi Hotel
9c05629adc8b4413,9,Milan,Hotel Raffaello
9c1116d65fe6b7ab,9,Paris,Hotel Eden
9c69dd177b193b4a,9,Paris,L Empire Paris
9c6fb18143c534f5,9,Paris,InterContinental Paris Avenue Marceau
9c76ddaf973548ba,9,Barcelona,Alma Barcelona GL
9c92df83c00af248,9,London,Chiswick Rooms
9cac548396c2f390,9,Vienna,Austria Trend Hotel Astoria Wien
9ccff19e864d7723,9,Paris,Belfast
9cf5db5c9c76494b,7,Amsterdam,NH Collection Amsterdam Grand Hotel Krasnapolsky
9d3a6e24f38ce161,9,Barcelona,Bcn Urban Hotels Gran Rosellon
9d749d768b639132,8,Paris,Hotel Op ra Richepanse
9d7f698e6ff38b55,9,Barcelona,Hotel SB Diagonal Zero Barcelona 4 Sup
9da36376870f3211,9,Paris,Best Western Le Jardin de Cluny
9db79a2451405a9e,9,Milan,Art Hotel Navigli
9e3ba7e04e0fbf82,5,London,Hotel Moonlight
9e811021d89f2fe0,9,Vienna,Grand Hotel Wien
9e846a10b4454c2e,9,Amsterdam,Novotel Amsterdam City
9eaae4cc11a17792,9,Barcelona,Tryp Barcelona Apolo Hotel
9ed4333872b30fe9,8,Paris,Villa Lut ce Port Royal
9ee1433615a79472,9,London,The Cavendish London
9f497a9efd553215,7,Paris,My Home In Paris
9f772f589a522690,9,Barcelona,HCC St Moritz
9fea058c1e963cb4,9,Barcelona,Hotel Ciutadella Barcelona
9ff4d7d870234315,9,Amsterdam,Ambassade Hotel
a0063f8c5926a1d8,8,Vienna,Am Spiegeln
a051a59fc374dadc,6,Paris,H tel La Comtesse by Elegancia
a0d6d1757717d0ab,6,London,Sheraton Grand London Park Lane
a106d9a9fcdad645,9,Paris,Le Pavillon de la Reine Spa
a125a341b568ca67,3,London,Mimi s Hotel Soho
a1453372bd850e7c,9,London,The Abbey Court Notting Hill
a1d42f5f541d7ada,9,Paris,Hotel Saint Petersbourg Opera
a1e157d50cc04a7f,9,London,The Marble Arch London
a21112b67df630ae,9,London,The Hari London
a222ecda4c4ab3b0,9,Vienna,Le Meridien Vienna
a273893beec1704e,9,Paris,Monhotel Lounge SPA
a2768c2991fe011e,9,London,M by Montcalm Shoreditch London Tech City
a28fb3a61ef715be,9,Vienna,Imperial Riding School Renaissance Vienna Hotel
a2fc3bd56134386d,9,Barcelona,Petit Palace Boqueria Garden
a333824d30ab79fc,9,Milan,The Hub Hotel
a38d1b8bbc5d3899,9,Paris,Hotel Mercure La Sorbonne Saint Germain des Pr s
a3c25e521fbde264,9,Paris,Hotel Royal Elys es
a3d494b35ff7cb69,9,Milan,Meli Milano
a3dfc01bc2c5f217,9,Barcelona,Capri by Fraser Barcelona
a3e697bfecfc6d28,9,London,Hilton London Canary Wharf
a3fc8cde0f6ba01e,9,Barcelona,Barcelona Hotel Colonial
a412232e0cadbd6f,9,Paris,Relais Du Louvre
a447aba8a201ed2e,9,London,Fielding Hotel
a48cea01b1c804e3,9,Vienna,BEST WESTERN PLUS Amedia Wien
a4c281e167bbf387,9,Paris,Le Tourville Eiffel
a4e814d414225739,9,Paris,H tel Recamier
a51171f60574a6c9,9,Barcelona,Catalonia Eixample 1864
a516298a83ea37b3,9,London,Clayton Crown Hotel London
a520d98e1485c84d,9,Barcelona,Sall s Hotel Pere IV
a52b02c692a0cae1,9,Paris,H tel Aiglon Esprit de France
a538b8a07435b26f,9,Paris,La Maison Favart
a57e072de0531608,3,Barcelona,Ilunion Bel Art
a59829d13981ff31,9,Paris,Hotel Vignon
a5ce10a39a7a83d1,9,Paris,Forest Hill Paris la Villette
a64677b1da8de53d,9,Barcelona,Hotel Grums Barcelona
a660e3798d549b8b,9,Milan,NH Milano Machiavelli
a69cb3134ba6ab0f,9,Barcelona,Hotel Spa Villa Olimpica Suites
a69f07e7ddc0bd52,9,Paris,Madeleine Plaza
a6cd923aaca2d6ba,4,London,Park Plaza London Waterloo
a70265864db0d923,9,London,Hilton London Euston
a7443b6fa6bcacb4,9,Amsterdam,De L Europe Amsterdam
a7f9208fc2cf0b9f,9,London,Lancaster London
a819970bc093a57f,9,London,Draycott Hotel
a82cec6dfde7ddd6,9,Barcelona,Petit Palace Barcelona
a85d55eb95e7ed65,6,Paris,Novotel Suites Paris Expo Porte de Versailles
a86353c8a5b44c0a,7,Paris,Hotel Trianon Rive Gauche
a867d1cf6525a166,9,London,Best Western Palm Hotel
a893e72f64ca66c6,9,London,Grange Langham Court Hotel
a8a0b6e62ffcf9c9,9,Barcelona,Silken Ramblas
a8a21e635a924827,2,London,The Henrietta Hotel
a8ab2237fd532c4c,9,Milan,Atahotel Contessa Jolanda
a8fbe0563993aef5,9,Vienna,Palais Coburg Residenz
a91dd6ffd9c667de,9,Barcelona,Acevi Villarroel
a9321b953d2a8c8a,9,Barcelona,W Barcelona
a94f1ce2eddeb66c,9,London,The Rookery
a9dba0c285eb758c,9,Paris,H tel Les Dames du Panth on
aa32256e8683cbc7,8,London,Arbor City
aa4894ddf0eb2fde,9,Barcelona,Grupotel Gran Via 678
aa5b67ad216791b8,9,Paris,Platine Hotel Spa
aa6a8489dc1eabae,9,Milan,Hotel Carrobbio
aa74bdf43659435c,9,London,The Nadler Kensington
aa882172108e5ff5,9,Milan,Antica Locanda Dei Mercanti
aa98e4b748fd2839,8,Paris,Select Hotel
aaf65e725924da6c,8,Paris,Le Relais Montmartre
aaf7c3c1d340cf99,9,Paris,Edouard 7 Paris Op ra
ab1215ed13755e5b,9,Paris,Mercure Paris Tour Eiffel Pont Mirabeau
ab3ae62ff0c7e2f8,9,London,Hilton London Wembley
abe558aded181ef8,9,London,Hilton London Hyde Park
abfa45aa813762da,9,London,The Whitechapel
ac15e1e7b5f97f74,9,Barcelona,Hotel Best Western PLUS Alfa Aeropuerto
ac2d3bbf93be4247,9,London,Taj 51 Buckingham Gate Suites and Residences
ac32ae5f70696df7,9,London,The Drayton Court Hotel
ad00b45ebe22e54b,9,Milan,NH Milano Touring
ad2ead23c7f8dd49,9,Paris,Hotel Le Chat Noir
ad311509c871323d,9,Vienna,Radisson Blu Style Hotel Vienna
ad42ef0b7cc52a17,9,Barcelona,Aparthotel Atenea Barcelona
ad476c57ee41456b,6,Vienna,Mercure Hotel Raphael Wien
ad643f4c270e7521,9,Barcelona,Roger de Ll ria
adbd8c9c517dd12b,2,Paris,XO Hotel
ae07bbca98545892,9,London,Haymarket Hotel
ae08f4777a071392,8,Paris,Victoria Palace Hotel
ae15d48d3b94753a,8,Barcelona,Hotel Advance
ae261d62ccf7c1c0,9,Paris,H tel Le M
ae4d72ec2babb16e,9,London,Andaz London Liverpool Street
ae95e2663593a95e,9,Paris,H tel Diva Opera
af1263c844c35e0e,9,Paris,H tel De Sers Champs Elys es Paris
af4175caabaa5e67,9,London,Club Quarters Hotel Gracechurch
af459512fb484324,9,Paris,Le Littr
af46f7946ae60c79,9,London,InterContinental London Park Lane
af5fc4a7604a079e,9,London,Montagu Place Hotel
af92593a06b614f9,9,Amsterdam,Park Hotel
afc4e4aaf5161ee4,9,Vienna,Falkensteiner Hotel Wien Zentrum Schottenfeld
afc62ad0cd42bc11,8,Milan,Hotel La Spezia Gruppo MiniHotel
afdcb1a3fa8e275c,9,Barcelona,Hotel Barcelona Catedral
afea47de8e916e42,9,Milan,Ramada Plaza Milano
b05553d8e1eea410,9,Barcelona,Hotel DO Pla a Reial G L
b0652ebb77e0ef1a,9,Paris,Holiday Inn Paris Notre Dame
b075567427a291bf,9,Amsterdam,Amadi Panorama Hotel
b0c2071ed31d3384,9,London,Rathbone
b1bf88676e14d08a,9,Vienna,Hotel Nestroy Wien
b1c18459fbf7279a,9,Milan,Armani Hotel Milano
b21951c2669bc3ac,9,Paris,H tel de La Tamise Esprit de France
b24727f9715a90d3,9,London,every hotel Piccadilly
b289dd95ce811643,9,Vienna,Hotel Domizil
b29f2cf54f5ea1c3,9,Vienna,Simm s Hotel
b2beb8a17d66e770,9,Paris,Little Palace Hotel
b2c3c257a9b988cb,9,London,The Stafford London
b2c845bbf8b7c643,9,Paris,Pullman Paris Centre Bercy
b3286b54c5f5c83b,9,Paris,Paris Marriott Rive Gauche Hotel
b354bd727c5496ad,9,London,Washington Mayfair Hotel
b3a4f045895e36eb,9,Paris,La Villa Maillot
b40cfb52ca8f087a,3,Paris,Drawing Hotel
b48924ccb26a0e64,9,London,Dukes Hotel
b4ca1335bf3b7d00,5,Paris,Hotel Le 10 BIS
b4ff7fc23035cf53,9,Paris,Hotel Les Bains Paris
b515473bdadcd70f,3,Amsterdam,Chasse Hotel
b522dc9fbaf32ebf,9,Barcelona,Petit Palace Museum
b56f04688d657ba1,9,Milan,Starhotels Tourist
b58c3a47a8da7f12,9,Barcelona,Onix Liceo
b5a77c5f763ff438,9,Paris,Molitor Paris MGallery by Sofitel
b5a7ba2c55294d69,9,Paris,Hotel Square
b5ac89c290670d14,9,Barcelona,Hotel Casa Fuster G L Monumento
b5b435c726b0a1ba,9,Amsterdam,M venpick Hotel Amsterdam City Centre
b5b882319f1cf76b,4,Milan,Holiday Inn Milan Garibaldi Station
b5c9d85255106874,2,Paris,Ibis Styles Paris Gare Saint Lazare
b5d50d00bce4f5c2,9,London,Grange St Paul s Hotel
b5efde3a9a9eff8d,9,London,Durrants Hotel
b64444047825376f,9,Vienna,ARCOTEL Wimberger
b67ed0927d2de30f,7,Barcelona,NH Collection Barcelona Gran Hotel Calder n
b6b72c89ea90ee0e,9,Paris,Derby Alma
b719cad28fa96390,9,Barcelona,Hotel Barcelona Universal
b73c6fe4bf27f2fc,6,Paris,H tel Ad le Jules
b749c978b6ac283b,9,Milan,Andreola Central Hotel
b81a923c47ffe14a,9,London,Le Meridien Piccadilly
b81f1e75251ae60d,9,Barcelona,Aparthotel Arai 4 Superior
b83830477054a88b,9,Barcelona,Catalonia Rigoletto
b87c5af634d411fd,9,London,The Justin James Hotel
b89331730d84f8e6,9,London,Park Plaza County Hall London
b90774aae86779d5,9,Paris,Napoleon Paris
b9297ecb03629fed,9,Paris,La Villa Royale
b935a095fbdf0692,7,Paris,H tel Chaplain Paris Rive Gauche
b94f0b421694c972,9,London,Hilton London Angel Islington
b96655ffae8cb08a,9,Paris,Amarante Champs Elys es
b99b84291746ca86,8,Paris,Renaissance Paris Arc de Triomphe Hotel
b9a2f8dda3f5956b,9,Paris,H tel Duo
b9b10533060bef93,9,London,London Hilton on Park Lane
b9b65456e1bdb0a1,9,Vienna,Eurostars Embassy
b9d42941e9a1e4b8,9,Milan,Style Hotel
ba2230e6ec8c3d2f,9,Vienna,Suite Hotel 900 m zur Oper
ba3285c16c7a3c55,9,Paris,Hotel Duminy Vendome
ba38de5e2245235e,9,London,My Bloomsbury
ba61fa09071e832c,9,Vienna,Hotel Vienna
ba9482692dad1657,9,London,Radisson Blu Edwardian Hampshire
bac96c13a6a265ba,9,Amsterdam,Park Plaza Vondelpark Amsterdam
bae35180d69e667f,9,Barcelona,Senator Barcelona Spa Hotel
baeee246229f3cc6,8,Barcelona,AC Hotel Irla a Marriott Lifestyle Hotel
bb255be8044155a9,9,Paris,H tel Pont Royal
bb41aee7115230e6,3,London,The LaLit London
bbcca7bfde715173,9,Amsterdam,Sir Albert Hotel
bbd85ad6def01bcd,9,Barcelona,Catalonia Park Putxet
bbe8e383dfc762db,9,Vienna,Hotel Royal
bbf39468fe22f821,9,London,Hilton London Kensington Hotel
bc3d3e99c9adfac1,9,London,St Pancras Renaissance Hotel London
bc965d1ba060478c,8,Barcelona,Hotel Well and Come
bca2ae6a3402eeb1,9,London,DoubleTree by Hilton Hotel London Tower of London
bcb35e683a63e8fd,7,Paris,Mercure Paris Pigalle Sacre Coeur
bce49153d0072cf0,9,Paris,L Hotel Pergol se Paris
bd234bb516c2bc43,8,London,The Zetter Townhouse Clerkenwell
bd4b9e8d68233e01,9,Paris,Best Western Premier Trocadero La Tour
bd69d68051d3bc7a,9,Paris,H tel De Buci by MH
bd7288d7b4666e04,9,Barcelona,Hotel Barcelona Center
be3eeec75b3dc6fb,9,London,London Marriott Hotel West India Quay
be79e23976ece5dd,3,Paris,Hotel Villa Lafayette Paris IX
beb28c0fe0327fc6,5,Paris,Goralska R sidences H tel Paris Bastille
bebd8343d3f7d39e,9,Paris,Phileas Hotel
bec11c6936a7406f,9,Paris,Hotel L Antoine
beecedaf13f6f806,9,London,Thistle Euston
bef47f3cfc707354,9,London,Avo Hotel
bf7b6d46cdabfb66,9,Barcelona,Medinaceli
bf91ad99093d2a07,5,London,The Franklin Hotel Starhotels Collezione
bfdd1ac88800ee5b,8,London,The Lanesborough
c030763176d0a67d,8,Vienna,Grand Ferdinand Vienna Your Hotel In The City Center
c0bb788934b2c0e5,9,Paris,H tel Victor Hugo Paris Kl ber
c0c43bb38564566e,8,Paris,Le Metropolitan a Tribute Portfolio Hotel
c0d3ed99b4b1e297,5,Paris,Le Roch Hotel Spa
c1424c529f6f525e,9,Paris,Terrass H tel Montmartre by MH
c1460c7f249a491e,9,Amsterdam,Banks Mansion All Inclusive Hotel
c1c21bcfd628692b,9,Paris,Mercure Paris Opera Grands Boulevards
c20626d3a954342a,9,Milan,Hotel Regina
c20dc52ac88ff018,9,London,Radisson Blu Edwardian Kenilworth
c223d6d3dab15233,7,Barcelona,Monument Hotel
c22412708a08fd5b,9,London,Holiday Inn London Camden Lock
c23b42b839624238,9,Paris,H tel de la Bourdonnais
c26fb01484ffaf5b,9,London,The RE London Shoreditch
c27ae9ab63e13a1e,6,Paris,H tel de Jos phine BONAPARTE
c28ca48e902e40e6,9,Paris,H tel D Aubusson
c308a545e835b203,9,Paris,Hotel De Vigny
c31402f5247b31e9,9,Paris,H tel Mayfair Paris
c35c2e67e9925127,9,Paris,H tel R de Paris Boutique Hotel
c395621e1b622c33,9,Paris,H tel De Vend me
c3c41a653247e713,3,Paris,Hotel Malte Astotel
c3e44a1d7b3d16d8,9,Amsterdam,Grand Hotel Downtown
c3e6cefe15eb8ade,9,Paris,Oceania Paris Porte De Versailles
c3ebba7ff9429239,9,Paris,Villa Panth on
c4417bea8fddf5c0,9,London,St James Court A Taj Hotel London
c46646d3364cd889,9,London,TheWesley
c47d2c9a0bd54b46,9,Vienna,Hotel Kavalier
c4beb026abe5fe09,9,Amsterdam,Corendon Vitality Hotel Amsterdam
c4ebcc9a75f87615,9,Paris,Idol Hotel
c51b72dc5dd1c98d,9,Vienna,Courtyard by Marriott Vienna Schoenbrunn
c53b8f1a6a27c9dc,9,London,The Chesterfield Mayfair
c54c6dc8e83c6958,9,Amsterdam,Conservatorium Hotel
c560d70c7c145a5e,9,Paris,H tel Jos phine by Happyculture
c60710a9222e8ae4,9,Barcelona,NH Sants Barcelona
c613400b3bacc7dc,9,Barcelona,Ilunion Barcelona
c679dae1e5d2e62a,8,Vienna,City Rooms
c696fbb342cdb58b,9,Barcelona,AC Hotel Barcelona Forum a Marriott Lifestyle Hotel
c69e84ee0f8ff7b8,9,Amsterdam,Hotel Okura Amsterdam
c6c8bdeaaacb3808,9,Milan,Boscolo Milano Autograph Collection
c6d71978c7e31916,9,London,The Leonard Hotel
c6e9808c325c68c4,9,Paris,Hyatt Regency Paris Etoile
c70072220e22f2ef,9,London,The Cranley Hotel
c7504aab178bb3f4,9,Barcelona,Ohla Barcelona
c7a10c20af359ccf,9,Barcelona,Catalonia Port
c7afb62e2d02afe5,9,Milan,Klima Hotel Milano Fiere
c7c195c6a467944a,9,Barcelona,Primero Primera
c7c53900db6047f0,9,Paris,H tel Brighton Esprit de France
c7f6d91f27d69cf1,5,Paris,Le M ridien Etoile
c80d0d580253fab3,9,London,De Vere Devonport House
c82279245f4202d4,9,London,Park Plaza Westminster Bridge London
c833a75ca85bf5e9,2,Paris,Novotel Paris 14 Porte d Orl ans
c8bea78b4efa1ffb,9,Vienna,Hotel Am Parkring
c8c19f5271ada4c0,9,Vienna,Austria Trend Hotel Anatol Wien
c9430bf39187dddb,9,Milan,Colombia
c98d39dace94cc6b,9,Paris,H tel Hor
c9aa6bc73ff0aa80,9,Amsterdam,Crowne Plaza Amsterdam South
c9bb34d69212de5c,9,Barcelona,HCC Regente
c9ccb15668166868,9,Paris,Hotel Maison Ath n e
ca44e1b4c8f06011,9,Barcelona,Claris Hotel Spa GL
caab25c0ce8ceba0,9,Paris,H tel Keppler
cb038cd9a5b61272,9,Milan,The Yard Milano
cb139dd2cc0ee87d,9,Paris,Novotel Suites Paris Nord 18 me
cb53605156f42876,9,Milan,UNA Hotel Mediterraneo
cb75ad67cc37e5c8,9,Vienna,Aparthotel Adagio Vienna City
cb7bc739cab48689,9,Vienna,Derag Livinghotel Kaiser Franz Joseph Vienna
cb891539e9f9ebb1,9,Milan,Starhotels Echo
cb9698ae7a52985e,7,Barcelona,Duquesa Suites Barcelona
cba8965b48cf6b32,9,Barcelona,Vincci Gala
cbc5b5f23a0c5157,9,Paris,Mercure Paris Champs Elys es
cc24ce8901b5d947,9,Barcelona,Hotel Gran Derby Suites
cc8953a58145ac2e,9,Paris,Best Western Aulivia Op ra
cc8e44112d2f3e52,6,Paris,Hotel Tour d Auvergne Opera
ccaf0d02c34ecbc1,9,Vienna,Best Western Premier Kaiserhof Wien
ccb2054f952250c5,9,Barcelona,Sansi Diputacio
ccbd6cab76b3f3dc,9,Vienna,Austria Trend Hotel Park Royal Palace Vienna
cd02f72994acb2ee,9,Paris,Hotel du Collectionneur Arc de Triomphe
cd1cdebec77c1472,9,Paris,Mercure Paris Porte De Versailles Expo
cd4b069bc9683911,9,Amsterdam,The Hoxton Amsterdam
cd8652ffd35340b2,9,Amsterdam,Amsterdam Canal Residence
cd9cd51274543dda,9,London,Ambassadors Bloomsbury
ce196f5bb2702e80,9,London,Doubletree by Hilton London Kensington
ce4e132344917948,2,London,The Ned
ce6da3e7e56a7891,9,Barcelona,Pol Grace Hotel
ceda7607171de991,9,London,Hallmark Hotel London Chigwell Prince Regent
cf1787e1e42e0720,9,London,Park Plaza Sherlock Holmes London
cf37465afb681b21,9,Paris,Holiday Inn Paris Gare de Lyon Bastille
cf3c773913ea5d66,9,Vienna,Hotel Schani Wien
cf590695c7543ff2,9,Paris,Melia Paris Vendome
cf67b45a691b33c8,8,Paris,Hotel Monsieur
cfd152387e234818,9,Barcelona,Sunotel Central
cfd449b016f2b6a6,9,Barcelona,Novotel Barcelona City
cfe43c3bbcb43894,6,Paris,Le Grand H tel de Normandie
cfe4424e848a1e8a,9,Amsterdam,Apollofirst Boutique Hotel
cfeaf865a01cd5f6,9,Amsterdam,Courtyard by Marriott Amsterdam Arena Atlas
cff78fb7b9d89cf4,9,Milan,Hotel Dieci
d00bb1fe681a6f6b,8,Paris,H tel Barri re Le Fouquet s
d09326a29fa9ba49,8,Milan,IH Hotels Milano Gioia
d0ba980f802dfe1a,5,Paris,H tel Square Louvois
d0e378c8e566a11a,8,Vienna,InterContinental Wien
d103d070b5cc4bed,9,London,Hotel Cavendish
d1431feafe959337,9,London,Hilton London Paddington
d146efe363cef64f,9,Barcelona,Silken Gran Hotel Havana
d1a63b1c1b263009,9,Milan,Baglioni Hotel Carlton The Leading Hotels of the World
d1c62a1d352188d1,6,Paris,Le Relais M dicis
d1e5ee62ac8c13dc,9,Barcelona,Catalonia Atenas
d2acc90f675e9cc7,9,Paris,Hotel Ares Eiffel
d325f0ca87a39fb1,9,Vienna,Graben Hotel
d3af210bdcdd5d54,8,Paris,H tel de Lille
d3ea9e57baf069a7,9,London,Doubletree By Hilton London Greenwich
d417f53df4cafe5b,8,Milan,Bianca Maria Palace Hotel
d444a53975c6185c,9,Amsterdam,NH Amsterdam Caransa
d48d5492eb67d535,4,Milan,Hotel Wagner
d49b3d6ce03462f4,9,Paris,Radisson Blu Champs Elys es Paris
d54eae433ecd2ac4,9,Barcelona,NH Hesperia Barcelona Presidente
d555c0f03fa3cc5b,9,London,Charlotte Street Hotel
d555f5734a7cbf0d,9,Amsterdam,NH Amsterdam Zuid
d57f5b9cb3a98650,9,Amsterdam,Dutch Design Hotel Artemis
d5c381b1cf1a037e,9,London,Ham Yard Hotel
d630d1520e0ce09e,9,Paris,Holiday Inn Paris Elys es
d644539a7b90d4b6,9,Vienna,Leonardo Hotel Vienna
d65ec5fdbfe14bbb,9,London,Henry VIII
d6a9d6e8310916a3,9,Paris,First Hotel Paris Tour Eiffel
d6d3518edd56b52f,9,London,The Gore Hotel Starhotels Collezione
d6e5cc3db0e9b8ab,9,London,Crowne Plaza London Battersea
d6e9ca534f75f7a3,5,Barcelona,Hotel America Barcelona
d6f047a12be34044,9,London,Karma Sanctum Soho Hotel
d71f8eef92407a50,9,Paris,Etoile Saint Ferdinand
d73aba809b16e55c,9,Paris,Rochester Champs Elysees
d7780444652ad227,7,Milan,Room Mate Giulia
d7d6b8f4a475ee60,9,Milan,Hotel Berna
d8386c9839f5ebfa,9,London,Clayton Hotel Chiswick
d880749e2da29565,9,Amsterdam,Hampshire Hotel Rembrandt Square Amsterdam
d8c4702ad03464df,9,Paris,Les Plumes Hotel
d8e03b3926310ca9,9,Paris,Hotel Des Saints Peres Esprit de France
d8e80cbfdb53d021,2,Milan,Ibis Styles Milano Palmanova
d8f99f97b211924b,9,London,Millennium Copthorne Hotels at Chelsea Football Club
d91675d710b9a797,8,London,Rocco Forte Brown s Hotel
d92de14a976691b5,9,Paris,Best Western Hotel Montmartre Sacr Coeur
d92e04cba9a3e5bf,9,Barcelona,Hotel Abbot
d937c28a384b3c9e,8,Amsterdam,Golden Tulip Amsterdam Riverside
d950b26dc096e2bc,9,London,Holiday Inn London Mayfair
d95a8577be0b7d1a,9,Barcelona,Silken Concordia
d9cd0ce692f260f1,9,London,St George s Hotel Wembley
d9e3406b2b18f53b,6,Paris,Le Saint Hotel Paris
d9e9c0a7d5423c35,9,London,The Tower A Guoman Hotel
d9fb4313821bce59,9,Milan,Hotel Principe Di Savoia
da4a0e5f16ee9978,9,Barcelona,Cotton House Hotel Autograph Collection
da92406b15f6fb96,9,Paris,H tel Le Relais Saint Germain
dab9923627456d05,9,Vienna,Pertschy Palais Hotel
dae58de62c4617ca,9,Barcelona,Eurostars Grand Marina Hotel GL
daf7634008623815,7,Paris,L Edmond H tel
db1c74e64a6362fa,9,London,The Hoxton Shoreditch
db4911bdd98621bc,9,London,Radisson Blu Edwardian Grafton
db50462289b4e0ca,9,London,The Westbury A Luxury Collection Hotel Mayfair London
db85fb25e66bfae9,9,London,The Zetter Hotel
dc142fc154ba3d4a,5,London,The Principal London
dc1d7fec4731f7aa,9,London,Grange Clarendon Hotel
dc89ac58db0a235a,9,Paris,Plaza Tour Eiffel
dc8a200ac28cc0be,9,Paris,Pullman Paris Montparnasse
dc8bb97ee62adbe9,9,Paris,Duret
dcb73bc416f5e889,9,London,Hyatt Regency London The Churchill
dcbca10e296c16d8,9,Paris,H tel De Castiglione
dccd1e2cdcdb0d2e,6,Paris,Hotel Monge
dcfa69ace8037a8a,9,Paris,Best Western Plus 61 Paris Nation Hotel
dd11e1bd15197920,9,London,Grange Blooms Hotel
dd341f4d642e84f7,9,London,Kingsway Hall Hotel
dd40cc1d1f4df707,9,Barcelona,Catalonia Passeig de Gr cia 4 Sup
ddce2b2e2bfceca6,9,Paris,Novotel Paris Centre Gare Montparnasse
ddfb039c73640386,9,Barcelona,Alexandra Barcelona A DoubleTree by Hilton
ddff2a466b5e5619,9,Amsterdam,Hilton Amsterdam
de2905733772aed1,9,Paris,Buddha Bar Hotel Paris
de50560187f0de59,9,Amsterdam,Ramada Apollo Amsterdam Centre
de59ee3b281c3fc2,9,London,Egerton House
dedfa7d4421e6f3f,9,Paris,Francois 1er
df03521410af64c6,9,Milan,Qualys Hotel Nasco
df73dc1ec0d97b00,9,London,Eccleston Square Hotel
df9642915db53b0f,9,Paris,Maison Souquet
dfb8b8dba3ca7025,9,Paris,Residence Henri IV
e01e8f41d1663cb9,9,Paris,Sofitel Paris Le Faubourg
e0265bd27641e364,9,Amsterdam,WestCord Fashion Hotel Amsterdam
e03a00a1b0f40ae7,9,Barcelona,Crowne Plaza Barcelona Fira Center
e0862621a22d24e2,9,Amsterdam,Amsterdam Marriott Hotel
e08c2652381b98bc,9,Barcelona,Renaissance Barcelona Hotel
e08fdee7c21680b3,9,London,Best Western PLUS Epping Forest
e096d9a0405e536f,9,London,The Queens Gate Hotel
e0be64fce7db0a10,9,London,The Savoy
e0da349bb62a763c,7,Paris,Mercure Paris Place d Italie
e0ebf729bd4c5986,9,Milan,Hotel Auriga
e1074075b99813d0,9,Milan,The Westin Palace
e1145e2572eeafea,9,Paris,Hotel Eug ne en Ville
e11be82388abf928,9,Milan,Atahotel Linea Uno
e13266ce83a398cf,9,Paris,Sofitel Paris Arc De Triomphe
e1a2e61e1bb21962,9,London,Dorset Square Hotel
e1a4e8ab90fe2b15,6,Paris,H tel Cristal Champs Elys es
e1a51e5b67b9a3d1,9,London,San Domenico House
e1e862788ec4dd94,9,Paris,H tel Juliana Paris
e27927848d610237,9,Barcelona,Catalonia Barcelona Plaza
e2dc680925f5d5d4,8,Paris,Melia Paris Champs Elys es
e3374cca5ea0cf25,9,London,Hilton London Green Park
e381ef9e2f589990,9,Amsterdam,Hotel De Hallen
e401a9fe419f0748,4,London,Montcalm Royal London House City of London
e417a1f1adfad634,9,Amsterdam,Holiday Inn Amsterdam Arena Towers
e4679fee075f02f4,9,Paris,Gardette Park Hotel
e47635180de9eb65,9,Milan,Palazzo Segreti
e4c4d1efaa7efc27,6,Paris,Hotel Daniel Paris
e4d1e840473061c7,4,London,The Kings Head Hotel
e51e7340c6815cfd,2,London,The Curtain
e5354fff1255f45b,9,London,Crowne Plaza London The City
e53b4ac719ab9c53,8,Paris,Hotel Louis 2
e553c07ecfb9de9f,9,Paris,Hotel Marignan Champs Elys es
e55a71225ee19937,9,Paris,H tel Da Vinci Spa
e588fa3bdf7665f5,9,Vienna,Hotel Erzherzog Rainer
e607a9960515d7ca,9,Barcelona,Eurostars Cristal Palace
e611371468279c9b,9,London,St Martins Lane A Morgans Original
e6587d473e6a304c,8,London,Amba Hotel Marble Arch
e68978757ef9155c,9,Paris,Au Manoir Saint Germain
e6b365c24728d43d,9,London,Innkeeper s Lodge London Greenwich
e6f927f7a55c5314,9,London,Novotel London Excel
e731153d42aa4d62,9,Milan,Glam Milano
e743dc4f94b9c0b0,9,Paris,Villa Beaumarchais
e794d5f63f134d8b,8,Vienna,Hotel Beethoven Wien
e7bb51c7c62b0565,9,Milan,Starhotels Business Palace
e7d26c42919ea093,9,Barcelona,Eurostars Angli
e7d79824ff865be0,9,Paris,H tel Bourgogne Montana by MH
e7e84dff1eb2db10,9,Barcelona,Eurostars Monumental
e840306ad69ac5f8,9,London,The Exhibitionist Hotel
e8466803c130dd5d,5,London,London Suites
e89a7934c652fc08,9,Amsterdam,Fletcher Hotel Amsterdam
e8b82d3d036ea3dc,9,Paris,Hotel Pulitzer Paris
e8eea7b7bde1898a,3,Milan,NYX Milan
e9103eb8593b29ef,9,Paris,Mercure Paris Arc de Triomphe Etoile
e9109fdbe4240a71,9,London,Park Plaza Victoria London
e92ac218fdf61ef5,9,Paris,Crowne Plaza Paris R publique
e957e4ce93650782,9,Paris,Hotel de Nell
e99702a9a074531a,9,Vienna,Hollmann Beletage Design Boutique
e9ee294ff5920e69,9,London,DoubleTree by Hilton London Hyde Park
ea0252721929f5f4,8,Vienna,Strandhotel Alte Donau
ea528a31020a70b0,6,London,Courthouse Hotel Shoreditch
ea9ea5c90347d5f5,9,Paris,Hotel du Louvre in the Unbound Collection by Hyatt
ea9f9db29d79f4af,6,Barcelona,Room Mate Carla
eb1d29d6a778524a,9,Paris,Paris Marriott Opera Ambassador Hotel
eb4d0d18bc56320c,9,Amsterdam,WestCord Art Hotel Amsterdam 4 stars
eb4e953df9ce0ab8,8,Vienna,Mercure Secession Wien
eb525315ef4bfaeb,9,Paris,Le Marquis Eiffel
ebaee218190160d2,9,London,South Place Hotel
ebb06ac568f67181,9,Paris,Hotel Opera Cadet
ebcf805ff5f698a8,9,London,The Portobello Hotel
ebe541c183b41f92,9,Amsterdam,Bilderberg Hotel Jan Luyken
ec1b0aa6168e9fb5,9,Milan,Camperio House Suites Apartments
ec330949450d158a,9,Amsterdam,Morgan Mees
ec52fa93b58fade5,9,London,The Connaught
ec5f50113df82af4,9,Vienna,Hotel Imlauer Wien
ec9c6a79580b41bd,5,Paris,Victoire Germain
ed2298b584baa353,9,London,Canary Riverside Plaza Hotel
ed300a4eb5940ba8,9,Barcelona,Hotel Villa Emilia
ed59fc92498c2855,9,Vienna,Hotel Am Stephansplatz
ed5e1ae6b955914f,8,Paris,Best Western Premier Op ra Li ge
edd4838d778834f5,9,Milan,Hotel Mercure Milano Centro
ee01c71902dd3c79,9,London,Grange Strathmore Hotel
ee886e09daaed099,8,London,Grosvenor House Suites by Jumeirah Living
eed4d8ba917a5ddb,9,Paris,Best Western Tour Eiffel Invalides
eedd52ee1e17424e,9,London,Hotel La Place
ef0bf6749591508d,9,Vienna,NH Wien Belvedere
ef610c92db608fd8,9,Milan,Hotel Romana Residence
ef9659d2823d11e0,9,Paris,Hotel Sezz Paris
efb254a46f1755d4,3,Milan,Hotel VIU Milan
f0179d9287cafcda,5,London,citizenM London Shoreditch
f02a389723bf350e,9,Paris,H tel Du Jeu De Paume
f0a151f5556059b8,9,London,Crowne Plaza London Ealing
f0b55e6ae180b918,8,London,Intercontinental London The O2
f0bf65bf92b08f38,8,Barcelona,Eurohotel Diagonal Port
f0d8502a7bc8df1a,9,Vienna,NH Collection Wien Zentrum
f0e51d8045d07e49,6,Paris,Mercure Paris Alesia
f14c6faef2307b39,4,Barcelona,The Corner Hotel
f16347876ea4e993,9,Milan,Hotel Mentana
f1b1bc40d25c7850,9,Barcelona,AC Hotel Diagonal L Illa a Marriott Lifestyle Hotel
f1b6d234f2329148,8,Milan,Hotel Vittoria
f1cc4413ebf22183,9,London,The Park Grand London Paddington
f1f104f375ee4ee8,9,London,The Rembrandt
f22337f6948b495f,9,Barcelona,K K Hotel Picasso
f2775c4c9a84053d,9,Paris,H tel Bel Ami
f2ebc806ede1b3f7,2,Milan,Hotel Tocq
f31bd12ab79f4aae,9,Paris,Best Western Premier Op ra Faubourg Ex Hotel Jules
f3241063a0b6eede,9,Paris,Villa Opera Drouot
f35768eaa92e5222,9,Paris,Seven Hotel
f368a6644a2c1729,9,Paris,H tel Waldorf Trocad ro
f39416febaf257a7,9,Amsterdam,Hotel Die Port van Cleve
f39684512b07336a,9,Paris,H tel Westminster
f3ae035d8869555c,9,Vienna,Hotel Schild
f3da10a4d3bd19c8,9,Vienna,Mercure Josefshof Wien
f3e229e3b46122aa,9,Vienna,Hotel Arkadenhof
f3e9fb2feeb21155,9,Milan,Hotel Crivi s
f46b738dc06a14d6,8,Paris,Hotel Astra Opera Astotel
f475361a8052ed66,9,Barcelona,Fairmont Rey Juan Carlos I
f4d45ff35e6be383,9,Vienna,Holiday Inn Vienna City
f4d468ead2d6b757,9,Paris,Holiday Inn Paris Montmartre
f4e3f29196ab653c,5,London,Mercure London Hyde Park
f4ecb6804d1dc7bd,8,London,The Zetter Townhouse Marylebone
f515ba043c7d6d66,9,Vienna,Hotel Pension Baron am Schottentor
f55c4070ba35ee96,8,Paris,Hotel Dupond Smith
f581d0fe454e403d,9,Barcelona,NH Collection Barcelona Constanza
f5abd1dffc090d62,9,Milan,Mokinba Hotels King
f5af11ef65a6d087,9,Amsterdam,Best Western Premier Hotel Couture
f5c0fbfc41881320,9,London,Millennium Hotel London Mayfair
f5f7111049aaac41,9,London,The Park City Grand Plaza Kensington Hotel
f63a8d6efc2f76f9,9,Paris,H tel Belloy Saint Germain By Happyculture
f658969bc4f71267,7,Paris,Best Western Le 18 Paris
f67a5ef522028c41,9,Vienna,25hours Hotel beim MuseumsQuartier
f6c00afc14989dfa,9,Paris,La Villa des Ternes
f7003dbd845340ae,9,Paris,H tel de Varenne
f718fd0ed82f84f4,9,London,The Chelsea Harbour Hotel
f746113ef99df8bf,9,Vienna,Hotel Corvinus
f78f4f9f9253b23f,9,London,Holiday Inn London Kensington Forum
f7f63b4207832dd6,9,London,citizenM London Bankside
f81a47ed4fe0f143,9,Paris,H tel des Ducs D Anjou
f86ed2d845122098,7,London,DoubleTree By Hilton London Excel
f88b1acee2f27b6f,9,Vienna,Hotel Daniel Vienna
f8ccf8d8dafee500,8,London,COMO The Halkin
f8fd31c2a1931a8b,9,Amsterdam,The Dylan Amsterdam
f904bda85fb7c4ca,9,Paris,Novotel Paris Gare De Lyon
f957f2364d036508,6,Vienna,Hotel Gallitzinberg
f98344dea4b21989,9,Amsterdam,NH Amsterdam Schiller
f98801b513938cd6,6,Barcelona,The Wittmore Adults Only
f9c05c985d152429,9,London,The Montague On The Gardens
f9c973e1fb8fda94,8,Paris,Monsieur Cadet Hotel Spa Ex Meyerhold Spa
f9d6a0a2d1d3ce82,9,Milan,Carlyle Brera Hotel
f9eeccb081f247a8,9,London,K West Hotel Spa
fa029c4db23ef26b,8,Paris,COQ Hotel Paris
fa1b606567117b2d,9,Paris,Hotel Le Six
fa1d70ba8360cdb2,8,Paris,Hotel Verneuil Saint Germain
fa2b50d9a4ea88d4,9,Paris,Le Senat
fa69e0253db4dd08,9,Milan,Windsor Hotel Milano
faaf45db9637597a,9,Barcelona,Wilson Boutique Hotel
fab6d80d7d91e0ca,9,Milan,Mandarin Oriental Milan
fad3a48e2fdf47c4,9,Paris,Maison Albar Hotel Paris Op ra Diamond
fb1856077397ea28,9,Amsterdam,Swiss tel Amsterdam
fb3fddb2ae8e550d,9,London,Blakes Hotel
fb48c50015b5a8dd,6,Paris,Hotel Park Lane Paris
fb827cf4f3fc780c,9,Paris,Hotel Lumen Paris Louvre
fb833aae20b851d7,9,Milan,Hotel Marconi
fb9c28afba73b22a,9,Barcelona,Hotel Granados 83
fbafd3685aee1de5,9,Vienna,Steigenberger Hotel Herrenhof
fbcf96767ab39a82,9,Paris,H tel F licien by Elegancia
fc1bcb92adc860c6,9,London,Best Western Seraphine Kensington Olympia
fc2ae79775a0fc9b,9,London,Grange Beauchamp Hotel
fc45155ac3615063,9,Paris,Hotel Montaigne
fc9eaaf063d03f34,9,Vienna,Vienna Sporthotel
fce65a27f0d71095,8,Barcelona,Negresco Princess 4 Sup
fce8463c35c4f5bd,9,London,Grange Rochester Hotel
fd00bb1c94cbb5c8,9,Paris,Splendid Etoile
fda26654aa1c313a,9,Amsterdam,Mercure Hotel Amsterdam West
fdc3fd086704add1,9,Vienna,K K Hotel Maria Theresia
fdc65eda150beb4c,9,London,Staybridge Suites London Vauxhall
fe00826c8c5a03b6,8,London,COMO Metropolitan London
fe5c511caf6e9c06,9,London,Ace Hotel London Shoreditch
fea3d3bcb58b2080,9,Barcelona,Olivia Balmes Hotel
ff0f36805de948ea,9,London,Strand Palace Hotel
ff44b2d166d05572,8,Paris,Hotel Villa Saxe Eiffel
ff5d3d53426c96ef,9,Paris,Hotel West End
fff09d3717fb7508,9,Paris,Best Western Paris Gare Saint Lazare
