hotel_id,n_periods
000100abb6c04aba,9
00014379887908bc,9
0024a3e654f13a6e,9
003892d6f23ce033,6
0051296f051d3cf0,9
00795a8b6ae87c5d,9
00a8070a9eb34993,9
00b19bc836502cb6,9
00c7ffcefee670b1,9
00dcc48455869c47,9
00f99d732f95a84a,9
01650eb9edd0c54b,9
017bd3d2d7a1ae0e,9
0186f339c6ac69d6,3
019a984099f71952,9
01c15fcb4a267f67,9
01f1b4d075f33eeb,9
028680806c93c77f,9
030435f21a461115,9
035a01afb001e526,9
035b69564f87efb6,9
039055a05f478159,9
03a2b4057226714f,9
04050da64945bfdd,9
040e8233f6be511b,9
044331f2d396479f,9
04f83ac4904fb95e,9
04fa6c1ecd337e7d,9
05025a52d56d5801,9
050e30592212c130,9
0587de40fd9d7667,9
05abf8a796dc7630,9
05d70c4a5e95bc84,7
05d7dbae5b1a4136,5
06771576c37d666d,9
06a10508c67025f4,9
0725041a236b5b9a,9
07d42c0098c1eaef,9
084f15e41c94371b,9
08e3e345da319d9c,8
094a9d37e0780dbc,7
094ebfee08515745,9
09525392940ca807,9
09bc9d0623fb93a3,8
0a0aa7f4d56f87c4,9
0a23c13bdd5162ee,9
0a6988e147778171,9
0a70204c7d12ef81,5
0a96f7a6645d13b5,9
0aa24f4e2c69c761,9
0aa6b4d673744780,7
0b2ebb0427b47abe,9
0b6caa07f1b1a1d7,9
0bd15a99f39d423a,9
0bdfe2986431d769,9
0bfdf08321944294,8
0cb2e142910559f2,4
0cd7792be4eebfe1,9
0cdce1b008b08659,9
0d1bcf8e29dbc79a,9
0d41a63435da5ad9,9
0d4715e626b682fa,9
0d611be6f11afba8,9
0d7d97c495823a3c,9
0d9893e9b26cba71,9
0da15b5379cc013c,2
0de6324a162eb251,9
0df7c373bb9e58e1,9
0e351d8b0e1965ff,9
0e992ed3c87de4a5,9
0eb43cea995d95f2,9
0f905ec6b1a2064f,9
0fad5cae075408be,9
0fb1fc5694908e68,9
0febca6bd7d71beb,9
10294e29457a45fd,9
102f1b4d88d03fd0,9
104289516c736a6a,9
105360553157053b,9
1070f93d3da8ee89,8
107993e0db9c9e11,6
107c74dad281aad5,6
108e327dae64f382,9
109ef67a249cd00d,9
10bdda5ff29bff4c,9
10bf67442e197285,9
1127faba8d299af8,9
1128ada016683f9f,9
112ba3ab605e2134,9
112e59b7f73d3027,9
114ccc57e4281f73,9
11504724335cb45c,9
1155f342d6011264,9
115791bb45975e2c,9
116c12bfdc38b8b9,8
118344d56b4d4f99,9
1185efea82c92e29,9
119a67ff88671a13,9
11ddf8bf5cd47375,9
11f8458cb62847c4,8
12228997f7300a6f,9
12a3bfe8c0821d20,9
12b1cb14fb5d9da8,9
12eb72c098e398f7,9
13971cb52a57ddfd,9
13a08d4fcd681a72,9
13a1c41e77d80965,9
13f35981ac87ea63,9
141f0f160d84074a,9
1420292bc6af6e57,9
143e991c99f40a77,9
14859c0d228c3de7,9
14d9fea8de32c2f3,9
1506585dd4435289,9
150bf4d4b49632e7,7
15b880b85e4c8c55,9
15ca680782ceead2,9
16108333c1f09e9d,9
1668014d06f0f199,9
1672b62915c6b74a,9
1698375222db78b8,9
16c349e6a28ee4ad,9
17023a2b1de913d0,9
1751c4953f858440,9
1755bb16e71cb6a8,9
179d89be936d0a4a,9
179ead63c62b81a7,9
17a16cd232ba0985,9
17cc2fd4d5893d7e,9
17dd74d6a55dca67,7
17df11aa6fa2a626,8
17e21c2ba08f82ae,8
18007f4c03cf348a,9
183e1bd70f4ff564,9
185abb9fdf453729,9
187983361485801e,7
18844f24ff32f0b5,9
18ab9da7d5552206,7
18c5430b52a5e62d,9
1935e1d516a36767,8
194bdc723dd2bf5b,9
197fd88e6b4ffbdc,9
19c4f5bb50d39273,9
19cd33d898089027,9
1a0ea544c6a8bb84,9
1a17fd2c037769a6,9
1a220e63bc4cbe60,9
1a6a49fc4c54c3f0,9
1a77d2b25cd1e157,9
1a8be1fb32d136e5,9
1a93b379f3eb37af,9
1a98318bc7fed1a6,9
1ae0dbb25868d88b,9
1b08257582757e42,9
1b28abfd3c85ea2d,9
1b352d70162b5b23,9
1b494ec3c27d4f50,9
1b57ab9c54b7e499,5
1b928afdc2a86762,5
1bc994fe9e58f4f0,9
1c4d98f5f0025682,9
1c541fdd12f4918b,9
1c55a014751c03d9,9
1c6290bcf3cdfc23,9
1c6a1199cba2ea7a,3
1c96c35ee97a7275,9
1cbc4a5b483c27f9,9
1cd90d5c1d8e18b4,9
1d06ac12adc58a8e,9
1dce6af373324f3a,9
1dd99f8fdf86ce0b,9
1dfa066133471036,9
1e267a963a5120e0,9
1e361b70022cf490,8
1e3e6fad27db7b6b,9
1e48c258e613fbdf,9
1e64ed7869f85ae8,9
1eae67fdb1e2cd24,9
1ee09dbcd8d852a3,9
1f19d44f6fec8713,9
1f331a4d5ffbef79,9
1f378be4b2de34b4,9
1fba865c6c3a7b02,9
1ff51f1048ba7936,9
2011829cc024c6fd,9
20ad25da89483176,9
20d275682b2b4f49,8
20fcddf3e9238448,9
218700cb5e9d342c,9
21bd3d57654bb89d,9
21cc1295894a3f5c,9
21fbab1b7d23e35e,9
2244fa01316dd59e,9
226559ccfc31f251,9
229a9f96f3844c35,5
22a352a0935cbb04,9
22d7c3a4977af097,9
233ea97acf96e6eb,9
2340e96fdff63b7a,2
2358d5433ef43312,9
235bbbb80e59e8d7,9
238f868bc8e335ab,9
23bfb6c2a3a19654,9
23c9e08bba07bb23,9
241aef4f2a89206b,9
2468e88983070ccb,9
247873d79c147309,9
247bf4d58a5fc886,9
2488f691ef726b99,8
24a3da66397bb81f,9
24c2cf3e075e9c43,9
24c928a1fd08aeb0,9
24db62ba9669d0a8,9
24e58d822a113f96,9
24ec390d58a2b6cb,9
25705823d34c89e7,8
25817e7cd808869a,8
25f2f8a2fbc75ce5,9
2603d027cc2ed164,9
261bc44d54548214,9
2647f670656f5fe2,9
26512f52fd227f0a,9
265d34b6535c5f7e,3
267535a922c9b30e,9
269072a57a19e1d3,9
26f63f644e5a6c6a,9
2731a27ab02609f4,9
274b3581685355dd,9
2765ba089be8f2b2,9
2790258a6dd27887,9
27acde981655b41b,9
27e10ea8cbfa4679,9
27f2d73615937f54,9
27fe8054ad28d624,6
286322206c18c649,9
288ce21bd0aa7a15,9
2899350320f70d70,9
289995a63e568a6b,9
28c44dd6f3da2de4,9
2999b55804005401,9
29b55710d0782c22,9
29b6cf85154de954,9
2a02710ad879398e,9
2a08b7c8b18c4086,8
2a6a334d6d8eb57c,9
2a8164df75938ca1,9
2a8a9cad0e737cc9,9
2ad1a03a62e8b65c,9
2b00594a4a57f6f4,9
2b010d4dc7168138,6
2b0acaa3f7ad3af5,6
2b8ce1f02c767efe,9
2bac0df8818cf79b,9
2c3f4e520b3ef09c,9
2ca2e45970c636e4,9
2caadf3a2d37291e,9
2cac1261287610c2,9
2d047d73353de59b,9
2d2ca76bb3369702,9
2dd158e8a8dc9906,9
2df4ea8af11fa979,6
2e57ccf12801ce06,9
2e660ba7a5f1baad,9
2e6b331fc0c8973a,8
2eb4cca2c8143022,9
2ec6d3fbf5a3f2e5,9
2ecd5e33821b3b23,9
2ee3140bf84940f8,9
2f6411119addffe5,9
2f8232788e0a8903,9
2fb4217921b8ab19,9
2fd476aeb3a08365,7
2febd3170d1de7ce,9
303b2eec9c790940,9
3049f6062044bac9,8
30696ea3a154024f,9
3070a80759a11388,9
307d13097f262efe,9
30f78c91fa3203d0,9
3117cacbda28544c,9
311a1c0700dfc144,9
312cb161f5115764,9
31414672bbc25afd,9
315e2dd32d6742ed,9
31bd6ec22df35861,9
31c04d5e58864658,9
31c0e1d199c95137,9
31e7ee406b7628d7,9
32168f5a4c50561d,9
321c08039a3ce2bb,9
32c66202fd9a80e3,9
331515d0b5d97153,9
33283afeefbd4d6f,9
336c421c329e9de1,9
337447ecda00ecfe,9
337b73e81602c596,9
34343e6e5670ef74,9
343f143ee8b98fd9,9
348f955edceadb77,9
34c7ea6e7a0cdd65,9
34ce2e5a07dd00c2,7
3547af4c56c7bf9e,9
35c377b6e95f0cc2,9
35f3e15097c7e70a,9
36027c950fb3a82e,9
361b926ba3e6c43b,9
3635cd22af3c1a5d,9
365726ae14ee7e6a,9
369077c44cbb25cd,9
36b227b955651f4b,7
36c3e51bd45c044d,9
36c98c8cba93e2f9,9
36cd5862c2d1fafd,8
3728272126c92bb9,9
3731f2d232194aeb,9
373dba71bd6c3719,9
37737fc7e255a82f,9
37b750bae938d82a,9
37bdad970d57b156,9
37c3898c34c7a9e6,9
37f2882a0007f323,9
381abf072f6d1d8b,9
382507af54e69ca2,9
386fedd969e33f79,9
389a18e5d76b5875,9
38a88334f9ee7a1c,9
38bb68af0db6c5ec,9
38beefc05895499f,9
390b04e08b2bccab,9
39137be41efbe6c1,9
39182d14c3f8907e,9
39349c419fbfedae,9
393c1b80bfe8d937,9
39776581bfb7ed4d,9
39fd5416adb53c55,8
3a1759f94c307a4b,9
3a22e437c8ab8d1b,8
3a2c96b7921de1d6,9
3a9e18b2a0519f45,9
3aab64253445c23b,9
3acfed91a3017b7d,4
3ad0790fcf7a79d0,5
3ad22d41fcb22877,7
3b0571b550ead9e0,9
3b1f4e2ecdd1b8e7,9
3b3ee3af176e445e,9
3b4dc693e181c041,9
3b5b890677b3168f,8
3b7957ad000cf9ea,9
3c5fcafeea9402f1,9
3c89d62ed98df3f3,9
3d302dc62fa27a5d,9
3d30ef2d8c74f0d2,9
3d45112dee7bbb03,9
3d8704e44291e163,9
3dce46505dc61dc6,9
3dd8e0650b6e2167,9
3e2f70fb86c45cb8,9
3e321d9525370616,9
3e600131aa15e1f1,9
3e8752c9c1779ccc,7
3eb90de8f9b55d91,9
3ec76141c6c3805f,9
3efcf19efe38a02b,9
3f045697bab0839f,9
3f0d81e40b8a31da,9
3f4d6854221f8735,9
3f634b936abfde6b,9
3fd1964fc91858da,9
40043710a32d0cf2,9
405d55e6a228bde1,9
4068d9528ad6b124,7
40cf3c3da0989ca8,9
4118d622c9691f3c,9
41271a68a168447f,7
41514dd596a344af,9
41592bf2895d61c3,9
4184d9dfb9ee0ee4,9
41f7d262ed192ba9,9
424a7f56f30e82b9,9
42566608bd534075,9
425dd74dbf72decd,9
42d8985340a961d4,9
42dcc2b5b242d30c,9
436e37dd59f9a22d,9
43955c78a5e51a55,9
43acb8108fdd96cc,9
43f0b9c19bca8c93,9
44828c96327c02f9,9
449c09a7ad8e8dc3,9
44daf773e97abf4b,9
456cecccb1484144,9
4573dc60bc03b784,9
45b00115ea187a5c,8
45bcd9e6bca3ffb2,8
45e7ddc52bdbcc74,9
4629d540e64e47bc,9
466ea58c8df37fa4,9
46713edc2e417f0f,9
46739f2ec366167f,9
4693de915b840933,9
469f2d453f7e048d,9
46aa2b032a80b718,9
46bf793bf071dee5,9
470d258d69282802,9
475cf7116566e27b,9
478251fd71fceb3b,9
478ccfd557f9432a,9
47929cbc89131f67,9
47be0789928a0647,9
47d1641737451b42,9
480b968aebb182a7,9
484ea60e102a55a2,9
486405101a831846,9
4870af97b7a4691d,2
48b35b3a4754d454,9
48cb42045f9f1c39,9
4905f8d3a31578d0,9
491445c4608a873a,9
49b94dfb3100612f,6
49c67f2f9e708fb0,9
49ed350786cc6026,9
4a05079bdd0b6269,9
4a3b6981515da34e,9
4a532074d82c63f7,9
4a5ab28385ffdb8c,9
4a69d6275825d030,9
4a71b0081e191716,9
4a8cb2d2019ef562,9
4a9485ac06cec896,9
4aabac7daa29f4bd,9
4ada0c26db4b3380,9
4aea431c0de9d173,9
4af7b06dc7a26ec8,9
4afe0e798095c178,9
4b04b6b18f0fcd76,9
4b1e50868a5ca414,9
4b1fa3b404b0e27b,9
4b2369a15c4dd346,9
4b2fd0f37b859309,9
4b4985d919f7f4bb,9
4b60065d00dd8317,9
4b63e96ffacb6808,7
4b8c4f10522ace0e,9
4b942e7e6c024782,9
4bb352406ea3983f,9
4bb5dc3f74d5a58d,9
4bcdf839d1dcf4de,9
4c14cf38d2d88351,9
4c4fab25b5c198e8,8
4c82e9eb246629dd,9
4cacd7bc671eeb46,9
4d1aedb541ee47ac,9
4d1fa033cebf6037,9
4d20d4729e8b7cb2,9
4d421dab63beec31,9
4d545c6325aa0f26,9
4d576a48b5adc360,8
4d5d6e97c0d60450,9
4db6c06bc2264062,9
4dbbd923ef8d4b9e,9
4dbf5edc88604e67,9
4dc934a74b9ef558,9
4e2dc7fb4e1525e7,9
4e6a319e088ae768,9
4eab38e011783e4f,5
4ee5243560d56abe,9
4ef90b1ccc6a985e,9
4f104366c5a4e3c1,7
4f69fdc472e9e40a,8
4fc14924d108f319,9
4fc7a64d77ebedac,9
4fcce5c35ad33206,6
4fea2de4ee4db3c5,9
5002a415cb128aef,9
50037bd7efd4dba2,9
507b10fb5d02b3fd,9
509bdb04b0cb84b5,9
50e4c1ff158bc8ec,9
5128e972eaf847a6,9
5131ee57d63f089d,9
513c22124ae9c7a9,9
519653c2d9d271c6,8
51bd8e602c730b26,9
51cc9dd8710286f5,9
51d2da9c0f86639c,9
51d55c59364a9509,9
52050ad4f709395e,9
52385d133f1317ed,9
5238613fa14c99a0,9
526fa9f12ed5175e,7
52910ad79ca6bbab,9
5292306d6ac3f590,9
52cd492f5b96bb7a,9
52e45bda63c179d8,9
52f7a53d9d52f8c8,9
530029eef44d43dd,3
530d1194a1ea1132,9
5311313ac5f2834c,9
53132845af8c63ac,9
539591b44d8dcfd2,9
53b227ef8bddb87b,9
53b45433b2454f52,9
53df1b791ef22a39,9
545343709425f474,9
5464849576e5d4f9,9
54af653478caa8b7,9
54b45e7b1674ec84,9
54cfcb5273954f80,9
54e318eeadcf2506,9
55785934e4415281,9
569d26f94c25e4af,9
56b80473088e80a9,2
56c5bb7d28d0aa06,9
56eb3beb416f9ef2,9
56f10007ddbb9ff5,8
571e69f1d44b7bed,9
572188f9033b5899,9
573aaedcd3eac57f,9
57521e2998c099e6,9
57887f3eb2de06cb,6
57e37f5d7dddce62,9
5830ed37e84758d4,9
589590dc42b0cf56,9
58c7828bc1d9ffdc,5
58ccc4d0f0d6a393,9
594f70397bb4e64b,9
5995c3279ab92a30,9
5999911a09a8b6d8,9
59ec8a94cb8f6b0c,9
5a3f36be499a9c17,9
5a42f2f77a4ec2ea,9
5a4483853e2214f5,9
5a4efbdc904e6072,6
5a536cb8d2d70030,4
5ad0225950c979eb,9
5ad27ca90def811c,8
5b4f34e759743410,9
5b5c3f9f7a84f013,9
5bc8426da24058b0,6
5bd1979b6211fe3e,9
5bd46553a7aeeabe,9
5c2f2b0209b22b12,9
5c6ac8c9cfcc8083,9
5c9c3ab6de8b8636,9
5c9d61a06f32fe92,9
5ca449caf0cf472b,8
5ce486c0c376f49f,9
5cfb30c41b2e70d9,9
5cfe1a4ece73362b,9
5d2b1224b4c09c13,9
5d4943233f3a3d39,9
5d7d451afa816ac3,9
5d835f699ccbed92,7
5d860914a64ae223,9
5e04ef33a2ef4ce4,9
5e25c2c969c6bd2b,9
5e61720f2da469af,9
5e6bf0076adb3faa,9
5e7f187a34f33f24,9
5ea36c577666c85b,9
5ebc34e30b66c865,9
5ecbc122a06dbd98,9
5ed601791e1bfa87,9
5ee84f1b44420fe4,9
5f47e8da1f477e4a,9
5f6227a02f0adb59,9
5f72d291fe9e46b0,9
5f9deb22e62c3ff8,9
5fb67263bc063e60,9
5fd3ec54b61ce79d,9
5ff3a0dadd5afd53,9
600683b837e9fa2c,9
608744238003af03,9
609bb02ea0939ff8,9
60e1d40094f4caad,6
60fc41fe4c1308cc,9
610631c2563b0435,9
612f500cb0244c75,8
615126f32fa11e16,9
6183bf9eadb9b6c9,3
61943ca5291c8714,9
61a28cbaed2b2dfc,9
61c3d7a2294da93e,9
61c60e2184b19cda,9
61d6a018bec3dae8,9
61d837f21ede63cf,5
61f2d9e7cd22714e,8
6226418e5cc789f1,9
625f0d817ed634da,9
62ec1d0558f5b3e7,9
6303db29040967f2,9
633069ad00e0a6b5,9
6334cfffc8d791c9,9
639c5d459b4f5dcc,9
63adf3090c4272d7,9
63c48c86df0b5b90,9
63ce94f8a1cf41e2,9
63ded13afb034709,9
63df1ece3ee3ee24,9
64291d6139625a91,9
6479d0a18e8d0565,9
647c41496f97a28e,9
648ecea194206a90,9
649de95e4e9c9ee7,9
64a496f6db2a558c,9
64ddba5f26341072,9
65555cd0e5c48e58,9
658f4d7d2dea712d,9
65938422d890568f,9
65c012125a25b33e,9
66305d5a8f0ce4b2,9
6637d07d5fbf3fdb,9
6650382f63c27183,9
66686528cc73150c,7
66a60f0458946592,9
66c0b9df7d47a4a4,7
66c5453e1d4914af,9
66cb9e32dd522298,7
672f9cf613d9df17,7
674d4b3743d9defa,9
6774286e64c67b93,8
67bf45808269ee3f,9
67d42835042359e7,9
67df83146957298f,2
68066230a2e409e1,9
68167cb9f40b777d,9
682a8af378968290,6
68be4b78519cdb99,9
68cc09fca8c8c7a0,9
68d77ec470c8b933,9
68e79a59e47d94a4,9
68f277ffbaa7cc23,9
69159bd4e62bf2c7,9
6921d662abc5acc1,6
693eb0278f7da676,9
695034ef8ef7263b,9
695b8d0709769224,3
698288a277317b5a,9
69b02fe7a01bbcda,9
69dc6ddd2615bb6d,9
69e727e11a8049ac,9
69fa0c03202c3b11,9
6a2cf903515b16ec,9
6a3b6b926ddfb3eb,9
6a68f0a2e4cbae69,9
6a80eb6db613405c,9
6a9b160b9321dc44,9
6aa0046e22e3f76e,8
6aeb4605b57b38a5,9
6b1f1cdac45be7aa,9
6b20780eca00e9f5,6
6b882cdcb29662c9,9
6b99c157be448e3a,9
6bab1d13740b452a,8
6c12fb6144d8734d,4
6c1402e5bfe52892,9
6c23d578173bb5c3,7
6c2fdb3032ed33ea,9
6c362afcfd4358c0,9
6c58fb835be685ab,9
6c8520970f666b75,9
6d0a807f2ffcd675,9
6d11adc13efe63b9,9
6d68b2bd1b374ae4,9
6d8d056e67d5abbf,9
6d99f0fe24d66513,9
6df90475bce34ca5,9
6e2993f2e9ca030d,9
6e63ecb851c01c92,9
6e65e4fa02202d3e,9
6e747220df3fc171,8
6e972c27877407f9,9
6ee0d583a77d399b,9
6f38dad2dab23287,9
6f511143222afdab,9
6fa24c511ad0eafe,5
6fa995d415a4edbd,9
7026378ed89e1ce8,9
711fc61eed501f54,9
7146a11b10f4747c,9
717539e5d34ed939,9
71904f4bcc6e9fe5,9
71b2e800e0d94722,9
72402f3a9b22794d,9
7251fcf3aad5ec6a,9
72662d1c1bdcfd7b,9
7283d7277a1f04af,9
72a17a75f5578ae9,9
72c4b5f9e83a3602,8
72f5f6dab2828a4b,9
7380a8405ded48a7,9
738b70a9cd890837,9
7401aa6ea44705fd,9
741cec4a4f93e8a8,9
7492b0d0de265097,3
74968eef3004668b,9
74e3355f784e0975,9
751b1e68958af902,9
756ab938c0f81b7c,9
757a0d6f65beacad,9
75f70ddaa5636939,9
76398bc60a7868dc,7
764ec02e91fc4043,9
76bbd2036d71d588,9
76d5441bf61e7e32,4
76dec225c494067a,9
76e592203e730e69,2
772c889c07d946a7,9
77415cff18df4f6e,9
776293d7fa61c336,9
776dc7a639294694,9
777daf848e9dce62,3
779900ba80ed0740,9
77995221d08c1e57,9
77f1d78c14932962,9
77f668399e268619,9
780104af8493f563,9
7835c2d76603a45c,6
786c1b6346dd65b8,9
78892a4e296a8e42,9
788d2ae821e0b312,9
78cdd4ccbf690d8f,2
78ecd800f75c533e,9
796ef4de4c7b4833,7
79b78ce7e6f099e0,9
79c50ee1ab69159b,9
7a28d2b5541e2777,9
7a83b2073b9d0fa2,9
7aa3344a30731338,4
7aae46fe8219345b,9
7b324167d74b437c,9
7b6a7e7516645d5c,9
7ba38027ef7f3b06,9
7bcd58fd7a4273af,9
7c1353a2c2cc5de4,9
7c36ad0237cf8ac3,3
7c6859bcf856abc2,9
7c7b9edcbd941ad0,9
7cb829493eb51e68,9
7d352e4731bb85cb,9
7d3a597d549f2009,9
7d896c6d450900d4,9
7db34d6fa95bdb24,9
7de99cdce9e34976,9
7e1fbfe92ed95a59,8
7e526607e3573196,5
7e5f1c01e2fa94b0,5
7e67ddff0e954f27,9
7eabed9e42ac413f,9
7ec0344bdcf388ab,9
7edc228895ec52f0,8
7f17473552763711,9
7f92d432deac3902,9
7fec8fcb8dfd14b3,9
8029d629692769dc,9
8042e9a1a00f70cb,9
804e77328614bdc1,9
805dcc4982d6e3e3,9
806a218a8ffe603b,9
80868f552cd15fa6,9
80c81be6363450b5,7
80d7774dad96b78c,9
81111812ebdc7728,9
812a3db7afbcc9db,9
812d8198df1d3e1e,9
814c18d1c6726a83,9
816e484bdc86ce32,9
820e9138d1a7d601,9
823280a7eaf342d7,9
8238668a813c8692,9
82676db0501f3c3e,9
8277ebe86116bfa8,9
82a3663dbec25997,9
82a726c374021123,9
830a9897dc6307c3,9
83aecee53fc35e57,9
83b53a54a30341b7,9
83f84762b6e622a2,9
840dc76908beec32,9
84105cb6b7bcf23b,9
843ec3f7d6784d0b,9
844976a96f9c658f,9
847411bdd9ab6648,7
849c53491de5836d,9
84e6b85dd412c0d4,9
852f65a0fbf5b9b3,9
8534da77f97f2f84,9
8583389d60cf84d8,9
859d48614b8571b7,9
85b757f27fd116a7,9
85c2b5a741751814,9
864a923387779c2f,9
8665584d41e0cc44,9
8698e801e03ca779,9
86a782147c70950c,9
86d96dc096d7776e,9
86df8a477add8204,9
86e6a77837eb881f,9
870c64e6c2b256b9,9
872b2b41810dac8c,9
872cb02d526dc663,9
877983be82564c91,9
879428a79e408886,9
87b2f5bdc658a5ea,9
87c21c2b0b9cbfa3,9
87e4a18d063f2cb2,9
87efe63f56cfaeec,9
880a2ee0c5189d1c,9
8890f5f2f27e9eb6,9
88af87fae5d601e7,9
88cf1b3024f817e9,4
88d89c1279f18f48,9
88f6dde53af25c7a,9
89060c4b51923b87,9
8946cdf76645c7f0,9
89681006252c8b44,9
897226058b16b049,7
897cc6d862df55e3,6
897cf26ee194def5,9
89d7e4deb666d56a,9
89fa6bc1041feee3,9
8a7a90e163b09fa5,9
8a9e51617e64e478,9
8abf3f8fcd79bcfb,9
8ad7cd33674d0e8b,4
8ae2b043f5965f20,9
8aea5d2c188d5b6c,9
8af4d67c9acb693f,9
8af90e35b3ed4a16,9
8aff1ddf247af83c,9
8b209d778387347e,8
8b2a9a8373580bf3,9
8bd17c9906cbc201,7
8bf918dfc3d2f555,9
8c211556f5e889cd,9
8cbbf6ee0ba26a00,9
8dc49c1496816448,9
8dc87b1b6e2ed3cf,9
8e5cdaf65ae5380d,5
8e6084e8fdfc3e0f,9
8e793418b18150d8,9
8e8a3a10759078d6,5
8e9b393de9f90e73,9
8ea1d3e69a00b9fb,9
8ea418c06990b20d,9
8ed8a95ceee1f816,9
8eeb30fb4c43fac4,9
8f1c46e9b51f87b2,8
8f498cf6b8017009,6
8f5fe818c1cb772f,9
8f646b5e5c41e560,9
8f677d2354889910,9
8f6bb7bf43ec8598,3
8f7ce37d5b07ec32,9
8f7f1b5f0bcffc1e,9
8f8b76853b9be3ab,9
8ff614c4626fd27d,9
90271d3c7f8fc1aa,9
907880c443b8db9c,9
908312982add40ff,9
911894cb9fe8df1a,9
912b1cf0fde5c3ba,6
91595ef09e8bd484,9
9193c79e6559b9e4,9
91bc99c5254ff636,9
92924ecfcd5a80a2,9
92939d100271239b,9
92e2f39412cfe5d8,9
92ed549e36e32456,9
930c9ebbcdf200b8,9
9314525f13bf274e,7
9342f4cbc694523a,9
9381f8b252bc08ee,9
93ff0ff244c534f6,8
941a01efa64b8873,9
94342cba94013c9e,9
94389f2e5f8bf417,7
943e9715b6ffab7a,9
9458c1ab8cc440d3,6
945cb8e2c53e2839,9
94ab8bc049791b65,9
94e4feefb94ee5c8,7
950a2249793318f1,9
950abad734ef9774,9
9524244cf3d99572,9
954c67ac42e3ed12,9
95693f2ba7648ce4,8
956ef79cc3d4fbe5,9
958a106c3066331f,9
959df98eb473a797,9
959f875bd46e39b9,3
95c645959d8826c7,9
95deefb430598916,9
9604a2d49cd00172,9
9648fc267c3bb2b0,9
966571dced285cc0,9
9675b2a6062f918a,9
96b2a929cb3a4efa,9
96d9cbb82aa8424b,9
96dbfead493657c2,7
9706151f80a7bc3d,9
97148bffda3559f8,9
9725b775214e0bce,9
97326e59de1cc4be,9
9785cada2e7b763d,9
97b8f24b66491c59,8
98068ed89efda286,9
980abf5c28bb80cb,9
98343a69a1951bd1,9
986fcf571a296c29,9
98722ec1e52e869d,9
98a669363e89be3a,9
98c60043ce9e2a68,9
98f09f6fe7c0137c,9
99003bdc315ae113,8
9911b70350369669,9
995ce1b8dd842761,9
997c7897f1b6ebee,9
99902f20e284d33c,9
9998b7721c27c599,9
99a74e28e7629018,7
9a51c11e78d8ec56,9
9aa81ab6c4f1229d,5
9ac560471984a6cf,9
9ae8f27fc02ee5d1,9
9aef7af5a796a799,9
9b4d5f768c781c45,9
9be63c2422440f94,9
9c05629adc8b4413,9
9c1116d65fe6b7ab,9
9c69dd177b193b4a,9
9c6fb18143c534f5,9
9c76ddaf973548ba,9
9c92df83c00af248,9
9cac548396c2f390,9
9ccff19e864d7723,9
9cf5db5c9c76494b,7
9d3a6e24f38ce161,9
9d749d768b639132,8
9d7f698e6ff38b55,9
9da36376870f3211,9
9db79a2451405a9e,9
9e3ba7e04e0fbf82,5
9e811021d89f2fe0,9
9e846a10b4454c2e,9
9eaae4cc11a17792,9
9ed4333872b30fe9,8
9ee1433615a79472,9
9f497a9efd553215,7
9f772f589a522690,9
9fea058c1e963cb4,9
9ff4d7d870234315,9
a0063f8c5926a1d8,8
a051a59fc374dadc,6
a0d6d1757717d0ab,6
a106d9a9fcdad645,9
a125a341b568ca67,3
a1453372bd850e7c,9
a1d42f5f541d7ada,9
a1e157d50cc04a7f,9
a21112b67df630ae,9
a222ecda4c4ab3b0,9
a273893beec1704e,9
a2768c2991fe011e,9
a28fb3a61ef715be,9
a2fc3bd56134386d,9
a333824d30ab79fc,9
a38d1b8bbc5d3899,9
a3c25e521fbde264,9
a3d494b35ff7cb69,9
a3dfc01bc2c5f217,9
a3e697bfecfc6d28,9
a3fc8cde0f6ba01e,9
a412232e0cadbd6f,9
a447aba8a201ed2e,9
a48cea01b1c804e3,9
a4c281e167bbf387,9
a4e814d414225739,9
a51171f60574a6c9,9
a516298a83ea37b3,9
a520d98e1485c84d,9
a52b02c692a0cae1,9
a538b8a07435b26f,9
a57e072de0531608,3
a59829d13981ff31,9
a5ce10a39a7a83d1,9
a64677b1da8de53d,9
a660e3798d549b8b,9
a69cb3134ba6ab0f,9
a69f07e7ddc0bd52,9
a6cd923aaca2d6ba,4
a70265864db0d923,9
a7443b6fa6bcacb4,9
a7f9208fc2cf0b9f,9
a819970bc093a57f,9
a82cec6dfde7ddd6,9
a85d55eb95e7ed65,6
a86353c8a5b44c0a,7
a867d1cf6525a166,9
a893e72f64ca66c6,9
a8a0b6e62ffcf9c9,9
a8a21e635a924827,2
a8ab2237fd532c4c,9
a8fbe0563993aef5,9
a91dd6ffd9c667de,9
a9321b953d2a8c8a,9
a94f1ce2eddeb66c,9
a9dba0c285eb758c,9
aa32256e8683cbc7,8
aa4894ddf0eb2fde,9
aa5b67ad216791b8,9
aa6a8489dc1eabae,9
aa74bdf43659435c,9
aa882172108e5ff5,9
aa98e4b748fd2839,8
aaf65e725924da6c,8
aaf7c3c1d340cf99,9
ab1215ed13755e5b,9
ab3ae62ff0c7e2f8,9
abe558aded181ef8,9
abfa45aa813762da,9
ac15e1e7b5f97f74,9
ac2d3bbf93be4247,9
ac32ae5f70696df7,9
ad00b45ebe22e54b,9
ad2ead23c7f8dd49,9
ad311509c871323d,9
ad42ef0b7cc52a17,9
ad476c57ee41456b,6
ad643f4c270e7521,9
adbd8c9c517dd12b,2
ae07bbca98545892,9
ae08f4777a071392,8
ae15d48d3b94753a,8
ae261d62ccf7c1c0,9
ae4d72ec2babb16e,9
ae95e2663593a95e,9
af1263c844c35e0e,9
af4175caabaa5e67,9
af459512fb484324,9
af46f7946ae60c79,9
af5fc4a7604a079e,9
af92593a06b614f9,9
afc4e4aaf5161ee4,9
afc62ad0cd42bc11,8
afdcb1a3fa8e275c,9
afea47de8e916e42,9
b05553d8e1eea410,9
b0652ebb77e0ef1a,9
b075567427a291bf,9
b0c2071ed31d3384,9
b1bf88676e14d08a,9
b1c18459fbf7279a,9
b21951c2669bc3ac,9
b24727f9715a90d3,9
b289dd95ce811643,9
b29f2cf54f5ea1c3,9
b2beb8a17d66e770,9
b2c3c257a9b988cb,9
b2c845bbf8b7c643,9
b3286b54c5f5c83b,9
b354bd727c5496ad,9
b3a4f045895e36eb,9
b40cfb52ca8f087a,3
b48924ccb26a0e64,9
b4ca1335bf3b7d00,5
b4ff7fc23035cf53,9
b515473bdadcd70f,3
b522dc9fbaf32ebf,9
b56f04688d657ba1,9
b58c3a47a8da7f12,9
b5a77c5f763ff438,9
b5a7ba2c55294d69,9
b5ac89c290670d14,9
b5b435c726b0a1ba,9
b5b882319f1cf76b,4
b5c9d85255106874,2
b5d50d00bce4f5c2,9
b5efde3a9a9eff8d,9
b64444047825376f,9
b67ed0927d2de30f,7
b6b72c89ea90ee0e,9
b719cad28fa96390,9
b73c6fe4bf27f2fc,6
b749c978b6ac283b,9
b81a923c47ffe14a,9
b81f1e75251ae60d,9
b83830477054a88b,9
b87c5af634d411fd,9
b89331730d84f8e6,9
b90774aae86779d5,9
b9297ecb03629fed,9
b935a095fbdf0692,7
b94f0b421694c972,9
b96655ffae8cb08a,9
b99b84291746ca86,8
b9a2f8dda3f5956b,9
b9b10533060bef93,9
b9b65456e1bdb0a1,9
b9d42941e9a1e4b8,9
ba2230e6ec8c3d2f,9
ba3285c16c7a3c55,9
ba38de5e2245235e,9
ba61fa09071e832c,9
ba9482692dad1657,9
bac96c13a6a265ba,9
bae35180d69e667f,9
baeee246229f3cc6,8
bb255be8044155a9,9
bb41aee7115230e6,3
bbcca7bfde715173,9
bbd85ad6def01bcd,9
bbe8e383dfc762db,9
bbf39468fe22f821,9
bc3d3e99c9adfac1,9
bc965d1ba060478c,8
bca2ae6a3402eeb1,9
bcb35e683a63e8fd,7
bce49153d0072cf0,9
bd234bb516c2bc43,8
bd4b9e8d68233e01,9
bd69d68051d3bc7a,9
bd7288d7b4666e04,9
be3eeec75b3dc6fb,9
be79e23976ece5dd,3
beb28c0fe0327fc6,5
bebd8343d3f7d39e,9
bec11c6936a7406f,9
beecedaf13f6f806,9
bef47f3cfc707354,9
bf7b6d46cdabfb66,9
bf91ad99093d2a07,5
bfdd1ac88800ee5b,8
c030763176d0a67d,8
c0bb788934b2c0e5,9
c0c43bb38564566e,8
c0d3ed99b4b1e297,5
c1424c529f6f525e,9
c1460c7f249a491e,9
c1c21bcfd628692b,9
c20626d3a954342a,9
c20dc52ac88ff018,9
c223d6d3dab15233,7
c22412708a08fd5b,9
c23b42b839624238,9
c26fb01484ffaf5b,9
c27ae9ab63e13a1e,6
c28ca48e902e40e6,9
c308a545e835b203,9
c31402f5247b31e9,9
c35c2e67e9925127,9
c395621e1b622c33,9
c3c41a653247e713,3
c3e44a1d7b3d16d8,9
c3e6cefe15eb8ade,9
c3ebba7ff9429239,9
c4417bea8fddf5c0,9
c46646d3364cd889,9
c47d2c9a0bd54b46,9
c4beb026abe5fe09,9
c4ebcc9a75f87615,9
c51b72dc5dd1c98d,9
c53b8f1a6a27c9dc,9
c54c6dc8e83c6958,9
c560d70c7c145a5e,9
c60710a9222e8ae4,9
c613400b3bacc7dc,9
c679dae1e5d2e62a,8
c696fbb342cdb58b,9
c69e84ee0f8ff7b8,9
c6c8bdeaaacb3808,9
c6d71978c7e31916,9
c6e9808c325c68c4,9
c70072220e22f2ef,9
c7504aab178bb3f4,9
c7a10c20af359ccf,9
c7afb62e2d02afe5,9
c7c195c6a467944a,9
c7c53900db6047f0,9
c7f6d91f27d69cf1,5
c80d0d580253fab3,9
c82279245f4202d4,9
c833a75ca85bf5e9,2
c8bea78b4efa1ffb,9
c8c19f5271ada4c0,9
c9430bf39187dddb,9
c98d39dace94cc6b,9
c9aa6bc73ff0aa80,9
c9bb34d69212de5c,9
c9ccb15668166868,9
ca44e1b4c8f06011,9
caab25c0ce8ceba0,9
cb038cd9a5b61272,9
cb139dd2cc0ee87d,9
cb53605156f42876,9
cb75ad67cc37e5c8,9
cb7bc739cab48689,9
cb891539e9f9ebb1,9
cb9698ae7a52985e,7
cba8965b48cf6b32,9
cbc5b5f23a0c5157,9
cc24ce8901b5d947,9
cc8953a58145ac2e,9
cc8e44112d2f3e52,6
ccaf0d02c34ecbc1,9
ccb2054f952250c5,9
ccbd6cab76b3f3dc,9
cd02f72994acb2ee,9
cd1cdebec77c1472,9
cd4b069bc9683911,9
cd8652ffd35340b2,9
cd9cd51274543dda,9
ce196f5bb2702e80,9
ce4e132344917948,2
ce6da3e7e56a7891,9
ceda7607171de991,9
cf1787e1e42e0720,9
cf37465afb681b21,9
cf3c773913ea5d66,9
cf590695c7543ff2,9
cf67b45a691b33c8,8
cfd152387e234818,9
cfd449b016f2b6a6,9
cfe43c3bbcb43894,6
cfe4424e848a1e8a,9
cfeaf865a01cd5f6,9
cff78fb7b9d89cf4,9
d00bb1fe681a6f6b,8
d09326a29fa9ba49,8
d0ba980f802dfe1a,5
d0e378c8e566a11a,8
d103d070b5cc4bed,9
d1431feafe959337,9
d146efe363cef64f,9
d1a63b1c1b263009,9
d1c62a1d352188d1,6
d1e5ee62ac8c13dc,9
d2acc90f675e9cc7,9
d325f0ca87a39fb1,9
d3af210bdcdd5d54,8
d3ea9e57baf069a7,9
d417f53df4cafe5b,8
d444a53975c6185c,9
d48d5492eb67d535,4
d49b3d6ce03462f4,9
d54eae433ecd2ac4,9
d555c0f03fa3cc5b,9
d555f5734a7cbf0d,9
d57f5b9cb3a98650,9
d5c381b1cf1a037e,9
d630d1520e0ce09e,9
d644539a7b90d4b6,9
d65ec5fdbfe14bbb,9
d6a9d6e8310916a3,9
d6d3518edd56b52f,9
d6e5cc3db0e9b8ab,9
d6e9ca534f75f7a3,5
d6f047a12be34044,9
d71f8eef92407a50,9
d73aba809b16e55c,9
d7780444652ad227,7
d7d6b8f4a475ee60,9
d8386c9839f5ebfa,9
d880749e2da29565,9
d8c4702ad03464df,9
d8e03b3926310ca9,9
d8e80cbfdb53d021,2
d8f99f97b211924b,9
d91675d710b9a797,8
d92de14a976691b5,9
d92e04cba9a3e5bf,9
d937c28a384b3c9e,8
d950b26dc096e2bc,9
d95a8577be0b7d1a,9
d9cd0ce692f260f1,9
d9e3406b2b18f53b,6
d9e9c0a7d5423c35,9
d9fb4313821bce59,9
da4a0e5f16ee9978,9
da92406b15f6fb96,9
dab9923627456d05,9
dae58de62c4617ca,9
daf7634008623815,7
db1c74e64a6362fa,9
db4911bdd98621bc,9
db50462289b4e0ca,9
db85fb25e66bfae9,9
dc142fc154ba3d4a,5
dc1d7fec4731f7aa,9
dc89ac58db0a235a,9
dc8a200ac28cc0be,9
dc8bb97ee62adbe9,9
dcb73bc416f5e889,9
dcbca10e296c16d8,9
dccd1e2cdcdb0d2e,6
dcfa69ace8037a8a,9
dd11e1bd15197920,9
dd341f4d642e84f7,9
dd40cc1d1f4df707,9
ddce2b2e2bfceca6,9
ddfb039c73640386,9
ddff2a466b5e5619,9
de2905733772aed1,9
de50560187f0de59,9
de59ee3b281c3fc2,9
dedfa7d4421e6f3f,9
df03521410af64c6,9
df73dc1ec0d97b00,9
df9642915db53b0f,9
dfb8b8dba3ca7025,9
e01e8f41d1663cb9,9
e0265bd27641e364,9
e03a00a1b0f40ae7,9
e0862621a22d24e2,9
e08c2652381b98bc,9
e08fdee7c21680b3,9
e096d9a0405e536f,9
e0be64fce7db0a10,9
e0da349bb62a763c,7
e0ebf729bd4c5986,9
e1074075b99813d0,9
e1145e2572eeafea,9
e11be82388abf928,9
e13266ce83a398cf,9
e1a2e61e1bb21962,9
e1a4e8ab90fe2b15,6
e1a51e5b67b9a3d1,9
e1e862788ec4dd94,9
e27927848d610237,9
e2dc680925f5d5d4,8
e3374cca5ea0cf25,9
e381ef9e2f589990,9
e401a9fe419f0748,4
e417a1f1adfad634,9
e4679fee075f02f4,9
e47635180de9eb65,9
e4c4d1efaa7efc27,6
e4d1e840473061c7,4
e51e7340c6815cfd,2
e5354fff1255f45b,9
e53b4ac719ab9c53,8
e553c07ecfb9de9f,9
e55a71225ee19937,9
e588fa3bdf7665f5,9
e607a9960515d7ca,9
e611371468279c9b,9
e6587d473e6a304c,8
e68978757ef9155c,9
e6b365c24728d43d,9
e6f927f7a55c5314,9
e731153d42aa4d62,9
e743dc4f94b9c0b0,9
e794d5f63f134d8b,8
e7bb51c7c62b0565,9
e7d26c42919ea093,9
e7d79824ff865be0,9
e7e84dff1eb2db10,9
e840306ad69ac5f8,9
e8466803c130dd5d,5
e89a7934c652fc08,9
e8b82d3d036ea3dc,9
e8eea7b7bde1898a,3
e9103eb8593b29ef,9
e9109fdbe4240a71,9
e92ac218fdf61ef5,9
e957e4ce93650782,9
e99702a9a074531a,9
e9ee294ff5920e69,9
ea0252721929f5f4,8
ea528a31020a70b0,6
ea9ea5c90347d5f5,9
ea9f9db29d79f4af,6
eb1d29d6a778524a,9
eb4d0d18bc56320c,9
eb4e953df9ce0ab8,8
eb525315ef4bfaeb,9
ebaee218190160d2,9
ebb06ac568f67181,9
ebcf805ff5f698a8,9
ebe541c183b41f92,9
ec1b0aa6168e9fb5,9
ec330949450d158a,9
ec52fa93b58fade5,9
ec5f50113df82af4,9
ec9c6a79580b41bd,5
ed2298b584baa353,9
ed300a4eb5940ba8,9
ed59fc92498c2855,9
ed5e1ae6b955914f,8
edd4838d778834f5,9
ee01c71902dd3c79,9
ee886e09daaed099,8
eed4d8ba917a5ddb,9
eedd52ee1e17424e,9
ef0bf6749591508d,9
ef610c92db608fd8,9
ef9659d2823d11e0,9
efb254a46f1755d4,3
f0179d9287cafcda,5
f02a389723bf350e,9
f0a151f5556059b8,9
f0b55e6ae180b918,8
f0bf65bf92b08f38,8
f0d8502a7bc8df1a,9
f0e51d8045d07e49,6
f14c6faef2307b39,4
f16347876ea4e993,9
f1b1bc40d25c7850,9
f1b6d234f2329148,8
f1cc4413ebf22183,9
f1f104f375ee4ee8,9
f22337f6948b495f,9
f2775c4c9a84053d,9
f2ebc806ede1b3f7,2
f31bd12ab79f4aae,9
f3241063a0b6eede,9
f35768eaa92e5222,9
f368a6644a2c1729,9
f39416febaf257a7,9
f39684512b07336a,9
f3ae035d8869555c,9
f3da10a4d3bd19c8,9
f3e229e3b46122aa,9
f3e9fb2feeb21155,9
f46b738dc06a14d6,8
f475361a8052ed66,9
f4d45ff35e6be383,9
f4d468ead2d6b757,9
f4e3f29196ab653c,5
f4ecb6804d1dc7bd,8
f515ba043c7d6d66,9
f55c4070ba35ee96,8
f581d0fe454e403d,9
f5abd1dffc090d62,9
f5af11ef65a6d087,9
f5c0fbfc41881320,9
f5f7111049aaac41,9
f63a8d6efc2f76f9,9
f658969bc4f71267,7
f67a5ef522028c41,9
f6c00afc14989dfa,9
f7003dbd845340ae,9
f718fd0ed82f84f4,9
f746113ef99df8bf,9
f78f4f9f9253b23f,9
f7f63b4207832dd6,9
f81a47ed4fe0f143,9
f86ed2d845122098,7
f88b1acee2f27b6f,9
f8ccf8d8dafee500,8
f8fd31c2a1931a8b,9
f904bda85fb7c4ca,9
f957f2364d036508,6
f98344dea4b21989,9
f98801b513938cd6,6
f9c05c985d152429,9
f9c973e1fb8fda94,8
f9d6a0a2d1d3ce82,9
f9eeccb081f247a8,9
fa029c4db23ef26b,8
fa1b606567117b2d,9
fa1d70ba8360cdb2,8
fa2b50d9a4ea88d4,9
fa69e0253db4dd08,9
faaf45db9637597a,9
fab6d80d7d91e0ca,9
fad3a48e2fdf47c4,9
fb1856077397ea28,9
fb3fddb2ae8e550d,9
fb48c50015b5a8dd,6
fb827cf4f3fc780c,9
fb833aae20b851d7,9
fb9c28afba73b22a,9
fbafd3685aee1de5,9
fbcf96767ab39a82,9
fc1bcb92adc860c6,9
fc2ae79775a0fc9b,9
fc45155ac3615063,9
fc9eaaf063d03f34,9
fce65a27f0d71095,8
fce8463c35c4f5bd,9
fd00bb1c94cbb5c8,9
fda26654aa1c313a,9
fdc3fd086704add1,9
fdc65eda150beb4c,9
fe00826c8c5a03b6,8
fe5c511caf6e9c06,9
fea3d3bcb58b2080,9
ff0f36805de948ea,9
ff44b2d166d05572,8
ff5d3d53426c96ef,9
fff09d3717fb7508,9
