hotel_id,city,fix_weakest,most_criticized,reliability_aware,abstention
d1_europe:000100abb6c0,London,room,room,room,
d1_europe:000143798879,Paris,service,service,cleanliness,Insufficient evidence to recommend an action.
d1_europe:0024a3e654f1,London,room,room,value,
d1_europe:003892d6f23c,Paris,room,room,room,Insufficient evidence to recommend an action.
d1_europe:0051296f051d,Milan,breakfast,room,room,Insufficient evidence to recommend an action.
d1_europe:00795a8b6ae8,Barcelona,value,room,value,
d1_europe:00a8070a9eb3,Milan,value,room,value,
d1_europe:00b19bc83650,Amsterdam,value,room,value,
d1_europe:00c7ffcefee6,London,value,room,value,
d1_europe:00dcc4845586,Paris,value,room,value,
d1_europe:00f99d732f95,Paris,room,room,room,
d1_europe:01650eb9edd0,Vienna,value,room,value,
d1_europe:017bd3d2d7a1,Paris,cleanliness,room,cleanliness,
d1_europe:0186f339c6ac,Barcelona,breakfast,room,breakfast,
d1_europe:019a984099f7,Vienna,value,room,value,
d1_europe:01c15fcb4a26,London,noise,noise,noise,
d1_europe:01f1b4d075f3,London,value,room,value,
d1_europe:028680806c93,London,value,room,room,
d1_europe:030435f21a46,Vienna,breakfast,room,breakfast,
d1_europe:035a01afb001,London,cleanliness,room,cleanliness,
d1_europe:035b69564f87,Barcelona,noise,room,noise,
d1_europe:039055a05f47,London,value,room,value,
d1_europe:03a2b4057226,Paris,noise,room,noise,
d1_europe:04050da64945,Paris,value,room,room,
d1_europe:040e8233f6be,Paris,value,room,value,
d1_europe:044331f2d396,London,breakfast,room,breakfast,
d1_europe:04f83ac4904f,London,room,room,room,
d1_europe:04fa6c1ecd33,Paris,noise,room,room,
d1_europe:05025a52d56d,Barcelona,noise,room,noise,
d1_europe:050e30592212,Paris,breakfast,room,breakfast,
d1_europe:0587de40fd9d,Paris,room,room,room,
d1_europe:05abf8a796dc,Milan,value,room,value,
d1_europe:05d70c4a5e95,Paris,value,room,breakfast,
d1_europe:05d7dbae5b1a,Amsterdam,noise,room,value,
d1_europe:06771576c37d,London,value,room,value,
d1_europe:06a10508c670,Barcelona,room,room,room,
d1_europe:0725041a236b,Barcelona,noise,room,breakfast,
d1_europe:07d42c0098c1,London,value,room,value,
d1_europe:084f15e41c94,London,noise,room,noise,
d1_europe:08e3e345da31,Amsterdam,value,room,value,
d1_europe:094a9d37e078,Paris,room,room,room,
d1_europe:094ebfee0851,Amsterdam,noise,room,value,
d1_europe:09525392940c,Paris,cleanliness,room,cleanliness,Insufficient evidence to recommend an action.
d1_europe:09bc9d0623fb,London,breakfast,room,breakfast,
d1_europe:0a0aa7f4d56f,Vienna,noise,room,noise,
d1_europe:0a23c13bdd51,Paris,breakfast,breakfast,breakfast,
d1_europe:0a6988e14777,London,noise,room,noise,
d1_europe:0a70204c7d12,Paris,value,value,value,Insufficient evidence to recommend an action.
d1_europe:0a96f7a6645d,Paris,noise,room,breakfast,
d1_europe:0aa24f4e2c69,Paris,value,room,value,
d1_europe:0aa6b4d67374,Paris,value,room,value,
d1_europe:0b2ebb0427b4,London,value,room,room,
d1_europe:0b6caa07f1b1,London,breakfast,room,breakfast,
d1_europe:0bd15a99f39d,London,room,room,room,
d1_europe:0bdfe2986431,Amsterdam,value,room,value,
d1_europe:0bfdf0832194,Paris,breakfast,service,breakfast,
d1_europe:0cb2e1429105,Barcelona,value,room,value,
d1_europe:0cd7792be4ee,London,value,service,value,
d1_europe:0cdce1b008b0,London,room,room,room,
d1_europe:0d1bcf8e29db,Paris,value,room,value,
d1_europe:0d41a63435da,Paris,noise,room,noise,
d1_europe:0d4715e626b6,Milan,value,room,value,
d1_europe:0d611be6f11a,Milan,service,service,service,Insufficient evidence to recommend an action.
d1_europe:0d7d97c49582,London,value,room,room,
d1_europe:0d9893e9b26c,Paris,room,room,room,
d1_europe:0da15b5379cc,Paris,noise,room,noise,
d1_europe:0de6324a162e,Vienna,cleanliness,cleanliness,cleanliness,
d1_europe:0df7c373bb9e,Vienna,noise,room,room,
d1_europe:0e351d8b0e19,Milan,breakfast,room,cleanliness,
d1_europe:0e992ed3c87d,Vienna,value,room,noise,
d1_europe:0eb43cea995d,Barcelona,cleanliness,cleanliness,cleanliness,
d1_europe:0f905ec6b1a2,Milan,room,room,room,
d1_europe:0fad5cae0754,Milan,noise,room,noise,
d1_europe:0fb1fc569490,London,value,breakfast,breakfast,
d1_europe:0febca6bd7d7,Barcelona,value,room,value,
d1_europe:10294e29457a,Milan,value,room,value,
d1_europe:102f1b4d88d0,Paris,noise,room,noise,
d1_europe:104289516c73,Barcelona,room,room,room,
d1_europe:105360553157,Paris,room,room,room,Insufficient evidence to recommend an action.
d1_europe:1070f93d3da8,Vienna,value,value,value,
d1_europe:107993e0db9c,Barcelona,value,room,value,
d1_europe:107c74dad281,Paris,value,room,value,
d1_europe:108e327dae64,Milan,noise,room,noise,
d1_europe:109ef67a249c,London,noise,room,noise,
d1_europe:10bdda5ff29b,Barcelona,value,room,value,
d1_europe:10bf67442e19,Milan,breakfast,room,breakfast,
d1_europe:1127faba8d29,Milan,noise,room,noise,
d1_europe:1128ada01668,Paris,value,breakfast,breakfast,
d1_europe:112ba3ab605e,Amsterdam,value,room,value,
d1_europe:112e59b7f73d,Paris,value,room,value,
d1_europe:114ccc57e428,Amsterdam,cleanliness,cleanliness,cleanliness,Insufficient evidence to recommend an action.
d1_europe:11504724335c,Paris,value,breakfast,value,
d1_europe:1155f342d601,Milan,breakfast,breakfast,breakfast,
d1_europe:115791bb4597,Vienna,cleanliness,room,cleanliness,
d1_europe:116c12bfdc38,Barcelona,breakfast,breakfast,breakfast,
d1_europe:118344d56b4d,Barcelona,value,room,value,
d1_europe:1185efea82c9,Paris,cleanliness,room,cleanliness,
d1_europe:119a67ff8867,Milan,noise,room,noise,
d1_europe:11ddf8bf5cd4,Barcelona,noise,room,noise,
d1_europe:11f8458cb628,Milan,room,room,room,
d1_europe:12228997f730,Paris,service,room,service,
d1_europe:12a3bfe8c082,London,breakfast,room,breakfast,
d1_europe:12b1cb14fb5d,Vienna,value,room,value,
d1_europe:12eb72c098e3,Milan,noise,room,noise,
d1_europe:13971cb52a57,Paris,room,room,room,
d1_europe:13a08d4fcd68,London,value,room,value,
d1_europe:13a1c41e77d8,Paris,room,room,room,Insufficient evidence to recommend an action.
d1_europe:13f35981ac87,Amsterdam,value,room,value,
d1_europe:141f0f160d84,London,value,room,value,
d1_europe:1420292bc6af,Paris,room,room,room,
d1_europe:143e991c99f4,Barcelona,value,room,value,
d1_europe:14859c0d228c,London,noise,room,noise,
d1_europe:14d9fea8de32,London,value,room,room,
d1_europe:1506585dd443,Barcelona,noise,room,noise,
d1_europe:150bf4d4b496,Paris,cleanliness,room,cleanliness,Insufficient evidence to recommend an action.
d1_europe:15b880b85e4c,London,value,room,value,
d1_europe:15ca680782ce,London,value,room,value,
d1_europe:16108333c1f0,Barcelona,noise,room,noise,
d1_europe:1668014d06f0,Paris,value,breakfast,breakfast,
d1_europe:1672b62915c6,London,room,room,room,
d1_europe:1698375222db,London,noise,room,noise,
d1_europe:16c349e6a28e,Vienna,service,service,service,
d1_europe:17023a2b1de9,Milan,value,room,value,
d1_europe:1751c4953f85,Vienna,value,room,value,
d1_europe:1755bb16e71c,Paris,value,service,value,
d1_europe:179d89be936d,Milan,noise,room,noise,
d1_europe:179ead63c62b,Vienna,value,room,value,
d1_europe:17a16cd232ba,Paris,room,room,room,
d1_europe:17cc2fd4d589,Milan,noise,noise,noise,
d1_europe:17dd74d6a55d,Paris,value,room,room,
d1_europe:17df11aa6fa2,Paris,breakfast,room,room,
d1_europe:17e21c2ba08f,Paris,breakfast,room,noise,
d1_europe:18007f4c03cf,Paris,breakfast,room,cleanliness,
d1_europe:183e1bd70f4f,London,value,room,value,
d1_europe:185abb9fdf45,Milan,value,room,value,
d1_europe:187983361485,Amsterdam,value,room,value,
d1_europe:18844f24ff32,London,value,room,value,
d1_europe:18ab9da7d555,Paris,room,room,room,Insufficient evidence to recommend an action.
d1_europe:18c5430b52a5,Paris,room,room,room,Insufficient evidence to recommend an action.
d1_europe:1935e1d516a3,Paris,room,room,room,Insufficient evidence to recommend an action.
d1_europe:194bdc723dd2,Amsterdam,value,room,value,
d1_europe:197fd88e6b4f,Amsterdam,value,room,value,
d1_europe:19c4f5bb50d3,London,value,room,value,
d1_europe:19cd33d89808,Paris,noise,room,noise,
d1_europe:1a0ea544c6a8,Milan,noise,room,noise,
d1_europe:1a17fd2c0377,Barcelona,value,room,breakfast,
d1_europe:1a220e63bc4c,London,noise,room,noise,
d1_europe:1a6a49fc4c54,Vienna,value,room,value,
d1_europe:1a77d2b25cd1,Milan,breakfast,room,breakfast,
d1_europe:1a8be1fb32d1,Vienna,cleanliness,room,value,
d1_europe:1a93b379f3eb,Vienna,value,room,value,
d1_europe:1a98318bc7fe,Amsterdam,value,service,value,
d1_europe:1ae0dbb25868,London,value,room,value,
d1_europe:1b0825758275,Vienna,value,room,value,
d1_europe:1b28abfd3c85,Paris,breakfast,room,breakfast,
d1_europe:1b352d70162b,Vienna,value,room,value,
d1_europe:1b494ec3c27d,Barcelona,value,value,value,
d1_europe:1b57ab9c54b7,Barcelona,room,room,room,
d1_europe:1b928afdc2a8,Amsterdam,value,room,value,
d1_europe:1bc994fe9e58,London,noise,room,noise,
d1_europe:1c4d98f5f002,Paris,noise,room,noise,
d1_europe:1c541fdd12f4,London,value,room,value,
d1_europe:1c55a014751c,Paris,room,room,room,
d1_europe:1c6290bcf3cd,London,breakfast,room,breakfast,
d1_europe:1c6a1199cba2,Paris,value,service,value,
d1_europe:1c96c35ee97a,Paris,breakfast,room,breakfast,
d1_europe:1cbc4a5b483c,Vienna,cleanliness,room,value,
d1_europe:1cd90d5c1d8e,Vienna,value,room,value,
d1_europe:1d06ac12adc5,Barcelona,value,room,room,
d1_europe:1dce6af37332,Barcelona,value,room,value,
d1_europe:1dd99f8fdf86,Paris,value,room,value,
d1_europe:1dfa06613347,Vienna,service,room,service,
d1_europe:1e267a963a51,Milan,value,room,value,
d1_europe:1e361b70022c,Paris,cleanliness,room,cleanliness,
d1_europe:1e3e6fad27db,Barcelona,value,room,value,
d1_europe:1e48c258e613,Milan,cleanliness,room,cleanliness,
d1_europe:1e64ed7869f8,Vienna,room,room,room,
d1_europe:1eae67fdb1e2,Vienna,noise,room,noise,
d1_europe:1ee09dbcd8d8,Vienna,service,room,service,
d1_europe:1f19d44f6fec,Milan,room,room,room,
d1_europe:1f331a4d5ffb,London,breakfast,room,breakfast,
d1_europe:1f378be4b2de,Barcelona,breakfast,cleanliness,breakfast,
d1_europe:1fba865c6c3a,Barcelona,cleanliness,room,cleanliness,
d1_europe:1ff51f1048ba,London,value,room,value,
d1_europe:2011829cc024,Paris,breakfast,room,breakfast,
d1_europe:20ad25da8948,London,room,room,room,
d1_europe:20d275682b2b,Vienna,value,value,value,Insufficient evidence to recommend an action.
d1_europe:20fcddf3e923,London,noise,room,noise,
d1_europe:218700cb5e9d,Paris,value,room,value,
d1_europe:21bd3d57654b,London,value,room,value,
d1_europe:21cc1295894a,Barcelona,value,value,value,
d1_europe:21fbab1b7d23,London,room,room,room,
d1_europe:2244fa01316d,Vienna,value,room,value,
d1_europe:226559ccfc31,Paris,cleanliness,room,room,
d1_europe:229a9f96f384,Barcelona,noise,room,noise,
d1_europe:22a352a0935c,Paris,value,room,value,
d1_europe:22d7c3a4977a,Paris,room,room,room,
d1_europe:233ea97acf96,Vienna,noise,room,room,
d1_europe:2340e96fdff6,Amsterdam,value,room,value,
d1_europe:2358d5433ef4,Milan,value,room,value,
d1_europe:235bbbb80e59,London,room,room,room,
d1_europe:238f868bc8e3,London,noise,room,noise,
d1_europe:23bfb6c2a3a1,Barcelona,value,room,value,
d1_europe:23c9e08bba07,Paris,noise,room,cleanliness,
d1_europe:241aef4f2a89,Milan,room,room,room,Insufficient evidence to recommend an action.
d1_europe:2468e8898307,London,noise,room,noise,
d1_europe:247873d79c14,Amsterdam,value,room,value,
d1_europe:247bf4d58a5f,London,value,room,value,
d1_europe:2488f691ef72,Barcelona,value,room,value,
d1_europe:24a3da66397b,Barcelona,breakfast,room,breakfast,
d1_europe:24c2cf3e075e,Milan,breakfast,room,breakfast,
d1_europe:24c928a1fd08,Paris,breakfast,room,breakfast,
d1_europe:24db62ba9669,Paris,room,room,room,
d1_europe:24e58d822a11,Paris,breakfast,room,value,
d1_europe:24ec390d58a2,Barcelona,noise,room,value,
d1_europe:25817e7cd808,Paris,service,service,service,Insufficient evidence to recommend an action.
d1_europe:25f2f8a2fbc7,London,value,room,value,
d1_europe:2603d027cc2e,Paris,room,room,room,
d1_europe:261bc44d5454,London,noise,room,noise,
d1_europe:2647f670656f,Paris,breakfast,breakfast,breakfast,
d1_europe:26512f52fd22,Milan,room,room,room,
d1_europe:265d34b6535c,Amsterdam,breakfast,room,breakfast,
d1_europe:267535a922c9,Milan,noise,room,room,
d1_europe:269072a57a19,Barcelona,value,room,value,
d1_europe:26f63f644e5a,Paris,value,room,value,
d1_europe:2731a27ab026,Paris,value,room,value,
d1_europe:274b35816853,Milan,value,room,value,
d1_europe:2765ba089be8,London,noise,room,noise,
d1_europe:2790258a6dd2,Barcelona,value,room,value,
d1_europe:27acde981655,Amsterdam,value,room,value,
d1_europe:27e10ea8cbfa,London,breakfast,room,breakfast,
d1_europe:27f2d7361593,Vienna,noise,room,noise,
d1_europe:27fe8054ad28,Milan,noise,room,noise,
d1_europe:286322206c18,Paris,value,room,value,
d1_europe:288ce21bd0aa,Barcelona,value,room,value,
d1_europe:2899350320f7,Barcelona,cleanliness,service,cleanliness,
d1_europe:289995a63e56,Paris,breakfast,room,breakfast,
d1_europe:28c44dd6f3da,London,noise,room,noise,
d1_europe:2999b5580400,Amsterdam,value,room,room,
d1_europe:29b55710d078,Barcelona,value,room,value,
d1_europe:29b6cf85154d,Paris,room,room,room,
d1_europe:2a02710ad879,Paris,cleanliness,room,cleanliness,
d1_europe:2a08b7c8b18c,Paris,room,room,room,
d1_europe:2a6a334d6d8e,London,value,room,room,
d1_europe:2a8164df7593,Paris,value,room,value,
d1_europe:2a8a9cad0e73,Barcelona,room,room,room,
d1_europe:2ad1a03a62e8,Barcelona,noise,noise,noise,
d1_europe:2b00594a4a57,Milan,noise,room,noise,
d1_europe:2b010d4dc716,Vienna,room,room,room,Insufficient evidence to recommend an action.
d1_europe:2b0acaa3f7ad,Paris,value,room,value,
d1_europe:2b8ce1f02c76,Barcelona,noise,noise,noise,
d1_europe:2bac0df8818c,Milan,noise,room,noise,
d1_europe:2c3f4e520b3e,Paris,noise,room,noise,
d1_europe:2ca2e45970c6,Milan,value,room,value,
d1_europe:2caadf3a2d37,Paris,breakfast,breakfast,breakfast,
d1_europe:2cac12612876,Paris,breakfast,room,value,
d1_europe:2d047d73353d,London,value,room,value,
d1_europe:2d2ca76bb336,London,value,room,value,
d1_europe:2dd158e8a8dc,Amsterdam,value,room,value,
d1_europe:2df4ea8af11f,Paris,room,room,room,Insufficient evidence to recommend an action.
d1_europe:2e57ccf12801,London,noise,room,noise,
d1_europe:2e660ba7a5f1,Barcelona,value,room,value,
d1_europe:2e6b331fc0c8,Milan,,,,Insufficient evidence to recommend an action.
d1_europe:2eb4cca2c814,London,noise,room,room,
d1_europe:2ec6d3fbf5a3,Paris,cleanliness,cleanliness,cleanliness,Insufficient evidence to recommend an action.
d1_europe:2ecd5e33821b,Milan,noise,breakfast,noise,
d1_europe:2ee3140bf849,Paris,noise,room,noise,
d1_europe:2f6411119add,London,breakfast,room,breakfast,
d1_europe:2f8232788e0a,Barcelona,noise,room,noise,
d1_europe:2fb4217921b8,London,cleanliness,room,cleanliness,
d1_europe:2fd476aeb3a0,Paris,breakfast,room,breakfast,
d1_europe:2febd3170d1d,Barcelona,value,room,value,
d1_europe:303b2eec9c79,Vienna,value,value,value,
d1_europe:3049f6062044,Paris,value,room,noise,
d1_europe:30696ea3a154,London,room,room,room,
d1_europe:3070a80759a1,Paris,value,breakfast,breakfast,
d1_europe:307d13097f26,Amsterdam,value,room,value,
d1_europe:30f78c91fa32,London,noise,room,noise,
d1_europe:3117cacbda28,London,value,room,value,
d1_europe:311a1c0700df,Milan,room,room,room,
d1_europe:312cb161f511,Barcelona,room,room,room,
d1_europe:31414672bbc2,Paris,value,room,value,
d1_europe:315e2dd32d67,Paris,room,room,room,Insufficient evidence to recommend an action.
d1_europe:31bd6ec22df3,London,value,room,room,
d1_europe:31c04d5e5886,London,value,room,value,
d1_europe:31c0e1d199c9,Paris,value,room,value,
d1_europe:31e7ee406b76,London,value,service,value,
d1_europe:32168f5a4c50,Paris,value,room,value,
d1_europe:321c08039a3c,Amsterdam,value,room,value,
d1_europe:32c66202fd9a,Vienna,value,room,value,
d1_europe:331515d0b5d9,Paris,room,room,room,
d1_europe:33283afeefbd,Paris,breakfast,breakfast,breakfast,
d1_europe:336c421c329e,London,value,room,value,
d1_europe:337447ecda00,Vienna,value,room,value,
d1_europe:337b73e81602,London,value,room,value,
d1_europe:34343e6e5670,Paris,service,room,service,
d1_europe:343f143ee8b9,London,room,room,noise,
d1_europe:348f955edcea,Milan,value,room,value,
d1_europe:34c7ea6e7a0c,London,value,room,value,
d1_europe:34ce2e5a07dd,Barcelona,noise,breakfast,noise,
d1_europe:3547af4c56c7,London,value,room,value,
d1_europe:35c377b6e95f,Paris,room,room,room,Insufficient evidence to recommend an action.
d1_europe:35f3e15097c7,Paris,breakfast,room,breakfast,
d1_europe:36027c950fb3,Barcelona,breakfast,room,breakfast,
d1_europe:361b926ba3e6,London,value,room,value,
d1_europe:3635cd22af3c,Amsterdam,value,room,value,
d1_europe:365726ae14ee,Milan,room,room,room,
d1_europe:369077c44cbb,Barcelona,value,room,value,
d1_europe:36b227b95565,Paris,value,room,value,
d1_europe:36c3e51bd45c,Barcelona,noise,room,noise,
d1_europe:36c98c8cba93,London,cleanliness,room,breakfast,
d1_europe:36cd5862c2d1,Milan,room,room,room,
d1_europe:3728272126c9,Vienna,room,room,room,
d1_europe:3731f2d23219,Paris,value,room,room,
d1_europe:373dba71bd6c,London,noise,room,noise,
d1_europe:37737fc7e255,Milan,noise,noise,noise,
d1_europe:37b750bae938,Paris,room,room,room,Insufficient evidence to recommend an action.
d1_europe:37bdad970d57,Milan,value,room,value,
d1_europe:37c3898c34c7,Paris,value,room,value,
d1_europe:37f2882a0007,Amsterdam,value,room,value,
d1_europe:381abf072f6d,London,noise,room,noise,
d1_europe:382507af54e6,Milan,room,room,room,
d1_europe:386fedd969e3,Vienna,noise,room,noise,
d1_europe:389a18e5d76b,Barcelona,value,room,value,
d1_europe:38a88334f9ee,Amsterdam,value,room,value,
d1_europe:38bb68af0db6,Barcelona,cleanliness,room,cleanliness,
d1_europe:38beefc05895,Paris,breakfast,room,breakfast,
d1_europe:390b04e08b2b,Barcelona,noise,room,noise,
d1_europe:39137be41efb,Barcelona,value,room,value,
d1_europe:39182d14c3f8,Vienna,room,room,room,
d1_europe:39349c419fbf,Paris,noise,service,noise,
d1_europe:393c1b80bfe8,Amsterdam,value,room,value,
d1_europe:39776581bfb7,Paris,room,room,room,
d1_europe:3a1759f94c30,London,noise,room,noise,
d1_europe:3a22e437c8ab,London,value,room,value,
d1_europe:3a2c96b7921d,Barcelona,noise,room,noise,
d1_europe:3a9e18b2a051,Barcelona,value,room,value,
d1_europe:3aab64253445,Paris,value,room,value,
d1_europe:3acfed91a301,Paris,breakfast,breakfast,breakfast,
d1_europe:3ad0790fcf7a,Milan,noise,noise,noise,
d1_europe:3ad22d41fcb2,Amsterdam,value,room,room,
d1_europe:3b0571b550ea,Vienna,noise,room,noise,
d1_europe:3b1f4e2ecdd1,London,breakfast,room,breakfast,
d1_europe:3b3ee3af176e,Amsterdam,value,room,value,
d1_europe:3b4dc693e181,Barcelona,noise,room,noise,
d1_europe:3b5b890677b3,Paris,breakfast,room,breakfast,
d1_europe:3b7957ad000c,London,service,service,service,Insufficient evidence to recommend an action.
d1_europe:3c5fcafeea94,Vienna,noise,room,noise,
d1_europe:3c89d62ed98d,London,breakfast,room,noise,
d1_europe:3d302dc62fa2,London,value,room,value,
d1_europe:3d30ef2d8c74,Milan,noise,room,noise,
d1_europe:3d45112dee7b,Paris,breakfast,breakfast,cleanliness,
d1_europe:3d8704e44291,Milan,value,room,value,
d1_europe:3dce46505dc6,Vienna,value,breakfast,value,
d1_europe:3dd8e0650b6e,Barcelona,noise,room,noise,
d1_europe:3e2f70fb86c4,Barcelona,value,room,value,
d1_europe:3e321d952537,London,value,room,value,
d1_europe:3e600131aa15,London,noise,service,noise,
d1_europe:3e8752c9c177,Paris,cleanliness,cleanliness,cleanliness,Insufficient evidence to recommend an action.
d1_europe:3eb90de8f9b5,Barcelona,noise,room,noise,
d1_europe:3ec76141c6c3,Paris,breakfast,room,breakfast,
d1_europe:3efcf19efe38,Milan,noise,room,noise,
d1_europe:3f045697bab0,Vienna,room,room,room,
d1_europe:3f0d81e40b8a,Paris,cleanliness,room,room,
d1_europe:3f4d6854221f,London,room,room,room,
d1_europe:3f634b936abf,Paris,breakfast,service,service,
d1_europe:3fd1964fc918,London,value,room,value,
d1_europe:40043710a32d,Vienna,room,room,value,
d1_europe:405d55e6a228,Vienna,value,room,value,Insufficient evidence to recommend an action.
d1_europe:4068d9528ad6,Barcelona,cleanliness,room,cleanliness,
d1_europe:40cf3c3da098,Vienna,value,room,room,
d1_europe:4118d622c969,Barcelona,value,room,value,
d1_europe:41271a68a168,Paris,breakfast,breakfast,breakfast,Insufficient evidence to recommend an action.
d1_europe:41514dd596a3,Barcelona,cleanliness,room,cleanliness,
d1_europe:41592bf2895d,London,noise,room,noise,
d1_europe:4184d9dfb9ee,London,value,value,value,
d1_europe:41f7d262ed19,Barcelona,room,room,room,
d1_europe:424a7f56f30e,Milan,noise,room,value,
d1_europe:42566608bd53,Paris,cleanliness,room,cleanliness,
d1_europe:425dd74dbf72,London,value,room,value,
d1_europe:42d8985340a9,Vienna,value,breakfast,value,
d1_europe:42dcc2b5b242,Vienna,breakfast,breakfast,breakfast,Insufficient evidence to recommend an action.
d1_europe:436e37dd59f9,London,value,room,value,
d1_europe:43955c78a5e5,Milan,service,room,service,
d1_europe:43acb8108fdd,London,value,room,value,
d1_europe:43f0b9c19bca,Milan,noise,room,noise,
d1_europe:44828c96327c,Paris,room,room,room,
d1_europe:449c09a7ad8e,London,value,room,value,
d1_europe:44daf773e97a,Barcelona,room,room,room,
d1_europe:456cecccb148,Milan,room,room,room,
d1_europe:4573dc60bc03,Paris,noise,room,noise,
d1_europe:45b00115ea18,Paris,breakfast,breakfast,breakfast,Insufficient evidence to recommend an action.
d1_europe:45bcd9e6bca3,Paris,room,room,room,
d1_europe:45e7ddc52bdb,Paris,noise,service,noise,
d1_europe:4629d540e64e,Barcelona,value,breakfast,breakfast,
d1_europe:466ea58c8df3,Paris,value,room,room,
d1_europe:46713edc2e41,Milan,value,room,value,
d1_europe:46739f2ec366,London,breakfast,room,room,
d1_europe:4693de915b84,London,breakfast,room,breakfast,
d1_europe:469f2d453f7e,Milan,value,room,value,
d1_europe:46aa2b032a80,Paris,noise,service,noise,Insufficient evidence to recommend an action.
d1_europe:46bf793bf071,London,value,room,value,
d1_europe:470d258d6928,London,value,room,value,
d1_europe:475cf7116566,Paris,value,room,value,
d1_europe:478251fd71fc,Amsterdam,value,room,value,
d1_europe:478ccfd557f9,Vienna,value,service,value,
d1_europe:47929cbc8913,London,value,room,value,
d1_europe:47be0789928a,London,room,room,room,
d1_europe:47d164173745,Vienna,room,room,room,
d1_europe:480b968aebb1,Paris,value,room,value,
d1_europe:484ea60e102a,Paris,breakfast,room,breakfast,
d1_europe:486405101a83,Paris,cleanliness,room,cleanliness,
d1_europe:4870af97b7a4,London,breakfast,room,breakfast,
d1_europe:48b35b3a4754,Amsterdam,noise,room,noise,
d1_europe:48cb42045f9f,London,value,room,value,
d1_europe:4905f8d3a315,London,cleanliness,room,cleanliness,
d1_europe:491445c4608a,London,value,room,value,
d1_europe:49b94dfb3100,London,noise,noise,noise,Insufficient evidence to recommend an action.
d1_europe:49c67f2f9e70,Barcelona,noise,room,noise,
d1_europe:49ed350786cc,London,value,room,value,
d1_europe:4a05079bdd0b,Amsterdam,value,room,value,
d1_europe:4a3b6981515d,Paris,cleanliness,room,cleanliness,
d1_europe:4a532074d82c,Paris,cleanliness,room,cleanliness,
d1_europe:4a5ab28385ff,Milan,value,room,value,
d1_europe:4a69d6275825,Paris,noise,room,room,
d1_europe:4a71b0081e19,Vienna,noise,room,noise,
d1_europe:4a8cb2d2019e,Vienna,room,room,room,
d1_europe:4a9485ac06ce,Vienna,value,room,value,
d1_europe:4aabac7daa29,Paris,cleanliness,room,cleanliness,
d1_europe:4ada0c26db4b,London,noise,room,noise,
d1_europe:4aea431c0de9,Barcelona,noise,room,noise,
d1_europe:4af7b06dc7a2,London,room,room,room,
d1_europe:4afe0e798095,Milan,cleanliness,cleanliness,value,
d1_europe:4b04b6b18f0f,Paris,breakfast,room,breakfast,
d1_europe:4b1e50868a5c,London,breakfast,room,breakfast,
d1_europe:4b1fa3b404b0,Paris,noise,room,noise,
d1_europe:4b2369a15c4d,Paris,breakfast,room,breakfast,
d1_europe:4b2fd0f37b85,London,cleanliness,room,cleanliness,
d1_europe:4b4985d919f7,London,noise,room,noise,
d1_europe:4b60065d00dd,London,room,room,room,
d1_europe:4b63e96ffacb,Paris,value,value,value,
d1_europe:4b8c4f10522a,Paris,cleanliness,room,cleanliness,
d1_europe:4b942e7e6c02,London,value,room,value,
d1_europe:4bb352406ea3,London,breakfast,room,breakfast,
d1_europe:4bb5dc3f74d5,London,breakfast,room,breakfast,
d1_europe:4bcdf839d1dc,London,noise,room,noise,
d1_europe:4c14cf38d2d8,Milan,noise,room,noise,
d1_europe:4c4fab25b5c1,Milan,value,room,value,Insufficient evidence to recommend an action.
d1_europe:4c82e9eb2466,London,value,service,value,
d1_europe:4cacd7bc671e,London,value,room,value,
d1_europe:4d1aedb541ee,London,value,room,value,
d1_europe:4d1fa033cebf,Vienna,value,room,value,
d1_europe:4d20d4729e8b,Amsterdam,value,room,value,
d1_europe:4d421dab63be,Amsterdam,room,room,room,
d1_europe:4d545c6325aa,Milan,value,room,value,
d1_europe:4d576a48b5ad,London,breakfast,room,breakfast,
d1_europe:4d5d6e97c0d6,Paris,noise,room,room,
d1_europe:4db6c06bc226,Paris,value,breakfast,value,
d1_europe:4dbbd923ef8d,Amsterdam,value,room,room,
d1_europe:4dbf5edc8860,Paris,room,room,room,
d1_europe:4dc934a74b9e,Barcelona,noise,room,noise,
d1_europe:4e2dc7fb4e15,Barcelona,value,room,value,
d1_europe:4e6a319e088a,London,noise,room,noise,
d1_europe:4eab38e01178,Paris,value,breakfast,value,Insufficient evidence to recommend an action.
d1_europe:4ee5243560d5,Paris,breakfast,breakfast,breakfast,
d1_europe:4ef90b1ccc6a,Vienna,value,room,value,
d1_europe:4f104366c5a4,Amsterdam,value,room,room,
d1_europe:4f69fdc472e9,Paris,cleanliness,room,cleanliness,Insufficient evidence to recommend an action.
d1_europe:4fc14924d108,Amsterdam,value,room,value,
d1_europe:4fc7a64d77eb,Vienna,value,room,value,
d1_europe:4fcce5c35ad3,Paris,room,room,room,Insufficient evidence to recommend an action.
d1_europe:4fea2de4ee4d,Vienna,room,room,room,
d1_europe:5002a415cb12,London,cleanliness,room,cleanliness,
d1_europe:50037bd7efd4,Milan,room,room,room,
d1_europe:507b10fb5d02,London,value,room,value,
d1_europe:509bdb04b0cb,Paris,cleanliness,room,cleanliness,
d1_europe:50e4c1ff158b,London,room,room,room,
d1_europe:5128e972eaf8,London,value,room,value,
d1_europe:5131ee57d63f,Paris,value,room,value,
d1_europe:513c22124ae9,Vienna,room,room,room,
d1_europe:519653c2d9d2,Paris,breakfast,breakfast,cleanliness,
d1_europe:51bd8e602c73,Barcelona,noise,room,noise,
d1_europe:51cc9dd87102,London,noise,room,noise,
d1_europe:51d2da9c0f86,London,room,room,room,
d1_europe:51d55c59364a,London,value,room,value,
d1_europe:52050ad4f709,Milan,value,service,value,Insufficient evidence to recommend an action.
d1_europe:52385d133f13,Barcelona,noise,room,noise,
d1_europe:5238613fa14c,London,value,service,value,
d1_europe:526fa9f12ed5,Milan,room,room,room,Insufficient evidence to recommend an action.
d1_europe:52910ad79ca6,London,breakfast,room,breakfast,
d1_europe:5292306d6ac3,London,value,room,value,
d1_europe:52cd492f5b96,Milan,value,service,value,
d1_europe:52e45bda63c1,London,value,room,value,
d1_europe:52f7a53d9d52,Paris,breakfast,room,room,
d1_europe:530029eef44d,Paris,value,room,value,
d1_europe:530d1194a1ea,Barcelona,value,room,value,
d1_europe:5311313ac5f2,Vienna,value,room,value,
d1_europe:53132845af8c,London,value,room,value,
d1_europe:539591b44d8d,Paris,noise,room,room,
d1_europe:53b227ef8bdd,London,room,room,room,
d1_europe:53b45433b245,London,value,room,value,
d1_europe:53df1b791ef2,London,value,room,value,
d1_europe:545343709425,London,noise,room,room,
d1_europe:5464849576e5,Amsterdam,value,room,value,
d1_europe:54af653478ca,Barcelona,noise,room,noise,
d1_europe:54b45e7b1674,Milan,noise,room,noise,
d1_europe:54cfcb527395,London,value,room,value,
d1_europe:54e318eeadcf,Paris,value,breakfast,value,Insufficient evidence to recommend an action.
d1_europe:55785934e441,Vienna,room,room,room,
d1_europe:569d26f94c25,London,value,room,room,
d1_europe:56b80473088e,Paris,breakfast,cleanliness,breakfast,
d1_europe:56c5bb7d28d0,London,value,room,value,
d1_europe:56eb3beb416f,Amsterdam,value,room,value,
d1_europe:56f10007ddbb,Milan,noise,noise,noise,Insufficient evidence to recommend an action.
d1_europe:571e69f1d44b,Amsterdam,value,room,value,
d1_europe:572188f9033b,London,value,room,value,
d1_europe:573aaedcd3ea,Vienna,room,room,room,
d1_europe:57521e2998c0,London,value,room,value,
d1_europe:57887f3eb2de,London,breakfast,room,breakfast,
d1_europe:57e37f5d7ddd,Paris,breakfast,room,value,
d1_europe:5830ed37e847,Paris,cleanliness,room,cleanliness,Insufficient evidence to recommend an action.
d1_europe:589590dc42b0,Paris,value,room,value,
d1_europe:58c7828bc1d9,London,breakfast,room,breakfast,
d1_europe:58ccc4d0f0d6,Paris,value,room,value,
d1_europe:594f70397bb4,Vienna,value,room,value,
d1_europe:5995c3279ab9,Paris,room,room,room,
d1_europe:5999911a09a8,Paris,room,room,room,
d1_europe:59ec8a94cb8f,Paris,noise,noise,noise,Insufficient evidence to recommend an action.
d1_europe:5a3f36be499a,London,value,room,value,
d1_europe:5a42f2f77a4e,London,cleanliness,room,cleanliness,
d1_europe:5a4483853e22,London,breakfast,room,breakfast,
d1_europe:5a4efbdc904e,Amsterdam,value,room,value,
d1_europe:5a536cb8d2d7,London,noise,room,noise,
d1_europe:5ad0225950c9,Amsterdam,value,value,value,
d1_europe:5ad27ca90def,Paris,room,room,room,
d1_europe:5b4f34e75974,Paris,value,room,room,
d1_europe:5b5c3f9f7a84,Barcelona,noise,room,noise,
d1_europe:5bc8426da240,Barcelona,breakfast,room,value,
d1_europe:5bd1979b6211,Vienna,room,room,room,
d1_europe:5bd46553a7ae,Barcelona,noise,room,room,
d1_europe:5c2f2b0209b2,Barcelona,value,room,room,
d1_europe:5c6ac8c9cfcc,London,noise,room,room,
d1_europe:5c9c3ab6de8b,London,noise,room,noise,
d1_europe:5c9d61a06f32,Barcelona,value,service,value,
d1_europe:5ca449caf0cf,Milan,value,room,value,
d1_europe:5ce486c0c376,London,noise,room,noise,
d1_europe:5cfb30c41b2e,Milan,noise,room,noise,
d1_europe:5cfe1a4ece73,Barcelona,noise,room,room,
d1_europe:5d2b1224b4c0,London,breakfast,room,breakfast,
d1_europe:5d4943233f3a,London,value,room,value,
d1_europe:5d7d451afa81,Vienna,value,room,value,
d1_europe:5d860914a64a,Paris,breakfast,breakfast,breakfast,Insufficient evidence to recommend an action.
d1_europe:5e04ef33a2ef,London,value,room,value,
d1_europe:5e25c2c969c6,Milan,noise,room,noise,
d1_europe:5e61720f2da4,Barcelona,value,room,value,
d1_europe:5e6bf0076adb,Vienna,value,room,value,
d1_europe:5e7f187a34f3,Paris,room,room,room,
d1_europe:5ea36c577666,London,breakfast,room,breakfast,
d1_europe:5ebc34e30b66,Milan,value,room,value,
d1_europe:5ecbc122a06d,Paris,noise,room,noise,
d1_europe:5ed601791e1b,Barcelona,value,room,value,
d1_europe:5ee84f1b4442,Barcelona,value,room,value,
d1_europe:5f47e8da1f47,Milan,room,room,room,
d1_europe:5f6227a02f0a,Milan,noise,room,noise,
d1_europe:5f72d291fe9e,London,room,room,room,
d1_europe:5f9deb22e62c,London,value,room,value,
d1_europe:5fb67263bc06,Paris,value,room,room,
d1_europe:5fd3ec54b61c,Paris,breakfast,room,breakfast,
d1_europe:5ff3a0dadd5a,Paris,value,room,value,
d1_europe:600683b837e9,Paris,noise,room,noise,
d1_europe:608744238003,Paris,value,room,value,
d1_europe:609bb02ea093,London,room,room,room,
d1_europe:60e1d40094f4,Amsterdam,value,room,value,
d1_europe:60fc41fe4c13,London,noise,room,room,
d1_europe:610631c2563b,Paris,cleanliness,service,service,
d1_europe:612f500cb024,Paris,cleanliness,cleanliness,cleanliness,Insufficient evidence to recommend an action.
d1_europe:615126f32fa1,London,room,room,room,
d1_europe:6183bf9eadb9,Barcelona,value,breakfast,value,
d1_europe:61943ca5291c,London,cleanliness,room,cleanliness,
d1_europe:61a28cbaed2b,Vienna,noise,room,noise,
d1_europe:61c3d7a2294d,Barcelona,value,room,value,
d1_europe:61c60e2184b1,Paris,noise,room,noise,
d1_europe:61d6a018bec3,London,value,room,value,
d1_europe:61d837f21ede,Barcelona,value,breakfast,value,
d1_europe:61f2d9e7cd22,Amsterdam,cleanliness,room,cleanliness,
d1_europe:6226418e5cc7,London,value,room,value,
d1_europe:625f0d817ed6,Paris,service,service,service,Insufficient evidence to recommend an action.
d1_europe:62ec1d0558f5,Paris,room,room,room,
d1_europe:6303db290409,Paris,cleanliness,cleanliness,cleanliness,Insufficient evidence to recommend an action.
d1_europe:633069ad00e0,Milan,value,room,value,
d1_europe:6334cfffc8d7,London,cleanliness,room,cleanliness,
d1_europe:639c5d459b4f,Vienna,room,room,room,
d1_europe:63adf3090c42,Paris,room,room,value,
d1_europe:63c48c86df0b,Paris,value,room,value,
d1_europe:63ce94f8a1cf,Amsterdam,noise,room,noise,
d1_europe:63ded13afb03,London,noise,room,noise,
d1_europe:63df1ece3ee3,London,value,room,value,
d1_europe:64291d613962,London,breakfast,room,breakfast,
d1_europe:6479d0a18e8d,Paris,room,room,value,
d1_europe:647c41496f97,Paris,room,room,room,
d1_europe:648ecea19420,Milan,room,room,room,
d1_europe:649de95e4e9c,Vienna,value,room,value,
d1_europe:64a496f6db2a,Milan,value,service,value,
d1_europe:64ddba5f2634,Barcelona,noise,room,noise,
d1_europe:65555cd0e5c4,Barcelona,cleanliness,room,breakfast,
d1_europe:658f4d7d2dea,London,breakfast,room,breakfast,
d1_europe:65938422d890,London,value,room,value,
d1_europe:65c012125a25,Vienna,room,room,room,
d1_europe:66305d5a8f0c,Milan,room,room,room,
d1_europe:6637d07d5fbf,Barcelona,noise,room,noise,
d1_europe:6650382f63c2,Amsterdam,value,room,value,
d1_europe:66686528cc73,Milan,noise,breakfast,noise,
d1_europe:66a60f045894,London,value,room,value,
d1_europe:66c0b9df7d47,Barcelona,cleanliness,room,room,Insufficient evidence to recommend an action.
d1_europe:66c5453e1d49,London,value,room,value,
d1_europe:66cb9e32dd52,Paris,breakfast,room,breakfast,
d1_europe:672f9cf613d9,Paris,room,room,room,Insufficient evidence to recommend an action.
d1_europe:674d4b3743d9,London,value,room,value,
d1_europe:6774286e64c6,Paris,noise,room,noise,
d1_europe:67bf45808269,Vienna,value,service,noise,
d1_europe:67d428350423,Paris,value,breakfast,value,
d1_europe:67df83146957,Paris,noise,room,noise,
d1_europe:68066230a2e4,Milan,room,room,room,
d1_europe:68167cb9f40b,Paris,room,room,room,
d1_europe:682a8af37896,London,noise,room,room,
d1_europe:68be4b78519c,London,value,room,value,
d1_europe:68cc09fca8c8,London,value,room,room,
d1_europe:68d77ec470c8,Paris,cleanliness,room,cleanliness,
d1_europe:68e79a59e47d,Paris,breakfast,room,breakfast,
d1_europe:68f277ffbaa7,Barcelona,value,room,value,
d1_europe:69159bd4e62b,Paris,noise,room,noise,
d1_europe:6921d662abc5,London,room,room,room,
d1_europe:693eb0278f7d,London,value,value,value,
d1_europe:695034ef8ef7,London,value,room,value,
d1_europe:695b8d070976,Paris,room,room,room,
d1_europe:698288a27731,Barcelona,value,room,room,
d1_europe:69b02fe7a01b,Milan,breakfast,room,breakfast,
d1_europe:69dc6ddd2615,Barcelona,noise,room,noise,
d1_europe:69e727e11a80,Vienna,value,room,value,
d1_europe:69fa0c03202c,London,value,room,value,
d1_europe:6a2cf903515b,Paris,room,room,room,Insufficient evidence to recommend an action.
d1_europe:6a3b6b926ddf,Milan,room,room,room,
d1_europe:6a68f0a2e4cb,Paris,cleanliness,cleanliness,cleanliness,
d1_europe:6a80eb6db613,Amsterdam,value,room,value,
d1_europe:6a9b160b9321,Milan,value,room,value,
d1_europe:6aa0046e22e3,London,value,room,value,
d1_europe:6aeb4605b57b,Milan,value,room,value,
d1_europe:6b1f1cdac45b,London,value,breakfast,breakfast,
d1_europe:6b20780eca00,Paris,breakfast,room,breakfast,
d1_europe:6b882cdcb296,London,value,room,value,
d1_europe:6b99c157be44,London,value,room,value,
d1_europe:6bab1d13740b,Barcelona,breakfast,breakfast,breakfast,Insufficient evidence to recommend an action.
d1_europe:6c12fb6144d8,Barcelona,room,room,room,
d1_europe:6c1402e5bfe5,London,cleanliness,room,room,
d1_europe:6c23d578173b,Paris,noise,room,noise,
d1_europe:6c2fdb3032ed,Paris,cleanliness,room,cleanliness,
d1_europe:6c362afcfd43,Paris,room,room,room,
d1_europe:6c58fb835be6,Amsterdam,value,room,value,
d1_europe:6c8520970f66,London,noise,room,noise,
d1_europe:6d0a807f2ffc,Vienna,value,room,value,
d1_europe:6d11adc13efe,London,value,room,value,
d1_europe:6d68b2bd1b37,Barcelona,breakfast,room,breakfast,
d1_europe:6d8d056e67d5,Paris,room,room,room,
d1_europe:6d99f0fe24d6,Milan,value,room,value,
d1_europe:6df90475bce3,Amsterdam,noise,noise,noise,Insufficient evidence to recommend an action.
d1_europe:6e2993f2e9ca,Amsterdam,cleanliness,room,cleanliness,
d1_europe:6e63ecb851c0,Paris,value,room,room,
d1_europe:6e65e4fa0220,Milan,noise,room,noise,
d1_europe:6e747220df3f,Milan,value,room,value,
d1_europe:6e972c278774,Barcelona,noise,room,noise,
d1_europe:6ee0d583a77d,Vienna,room,room,room,
d1_europe:6f38dad2dab2,Vienna,cleanliness,room,cleanliness,
d1_europe:6f511143222a,Vienna,value,room,room,
d1_europe:6fa24c511ad0,Paris,value,room,value,
d1_europe:6fa995d415a4,Barcelona,room,room,room,
d1_europe:7026378ed89e,Milan,breakfast,room,breakfast,
d1_europe:711fc61eed50,Paris,room,room,noise,Insufficient evidence to recommend an action.
d1_europe:7146a11b10f4,Paris,value,room,value,
d1_europe:717539e5d34e,Vienna,noise,room,noise,
d1_europe:71904f4bcc6e,Barcelona,breakfast,room,breakfast,
d1_europe:71b2e800e0d9,Milan,noise,room,noise,
d1_europe:72402f3a9b22,Milan,noise,room,room,
d1_europe:7251fcf3aad5,London,noise,room,noise,
d1_europe:72662d1c1bdc,Vienna,room,room,noise,
d1_europe:7283d7277a1f,London,room,room,room,
d1_europe:72a17a75f557,Paris,value,room,value,
d1_europe:72c4b5f9e83a,London,noise,room,room,
d1_europe:72f5f6dab282,Paris,value,room,room,
d1_europe:7380a8405ded,Paris,value,service,service,
d1_europe:738b70a9cd89,London,noise,room,noise,
d1_europe:7401aa6ea447,Amsterdam,service,room,service,
d1_europe:741cec4a4f93,London,value,room,room,
d1_europe:7492b0d0de26,Paris,value,room,room,
d1_europe:74968eef3004,Vienna,breakfast,room,room,
d1_europe:74e3355f784e,Paris,room,room,room,Insufficient evidence to recommend an action.
d1_europe:751b1e68958a,London,noise,room,value,
d1_europe:756ab938c0f8,Milan,noise,room,noise,
d1_europe:757a0d6f65be,Paris,value,room,room,
d1_europe:75f70ddaa563,Barcelona,value,room,value,
d1_europe:76398bc60a78,Paris,cleanliness,service,cleanliness,
d1_europe:764ec02e91fc,Paris,breakfast,breakfast,breakfast,
d1_europe:76bbd2036d71,Vienna,breakfast,room,breakfast,
d1_europe:76d5441bf61e,Paris,breakfast,room,breakfast,
d1_europe:76dec225c494,Vienna,value,room,value,
d1_europe:76e592203e73,London,breakfast,room,breakfast,
d1_europe:772c889c07d9,London,noise,room,value,
d1_europe:77415cff18df,Barcelona,room,room,room,
d1_europe:776293d7fa61,Paris,breakfast,cleanliness,breakfast,
d1_europe:776dc7a63929,Vienna,value,room,value,
d1_europe:777daf848e9d,London,value,room,value,
d1_europe:779900ba80ed,Paris,breakfast,room,breakfast,
d1_europe:77995221d08c,London,value,room,room,
d1_europe:77f1d78c1493,London,noise,room,noise,
d1_europe:77f668399e26,Paris,room,room,room,
d1_europe:780104af8493,Vienna,breakfast,breakfast,breakfast,
d1_europe:7835c2d76603,London,noise,room,noise,
d1_europe:786c1b6346dd,London,noise,room,noise,
d1_europe:78892a4e296a,Paris,noise,room,room,
d1_europe:788d2ae821e0,Paris,room,room,room,Insufficient evidence to recommend an action.
d1_europe:78cdd4ccbf69,Barcelona,value,room,value,
d1_europe:78ecd800f75c,London,value,room,value,
d1_europe:796ef4de4c7b,Amsterdam,value,room,value,
d1_europe:79b78ce7e6f0,London,value,room,value,
d1_europe:79c50ee1ab69,Paris,value,room,value,
d1_europe:7a28d2b5541e,Milan,value,room,value,
d1_europe:7a83b2073b9d,Barcelona,room,room,room,
d1_europe:7aa3344a3073,Vienna,service,cleanliness,service,
d1_europe:7aae46fe8219,Barcelona,room,room,room,
d1_europe:7b324167d74b,Paris,breakfast,room,breakfast,
d1_europe:7b6a7e751664,Milan,room,room,room,
d1_europe:7ba38027ef7f,London,noise,room,room,
d1_europe:7bcd58fd7a42,Amsterdam,value,room,value,
d1_europe:7c1353a2c2cc,Milan,service,room,service,
d1_europe:7c36ad0237cf,London,value,room,value,
d1_europe:7c6859bcf856,Barcelona,value,room,value,
d1_europe:7c7b9edcbd94,Milan,room,room,room,
d1_europe:7cb829493eb5,Barcelona,value,room,value,
d1_europe:7d352e4731bb,London,value,room,value,
d1_europe:7d3a597d549f,Paris,service,service,service,
d1_europe:7d896c6d4509,London,value,room,value,
d1_europe:7db34d6fa95b,London,value,room,value,
d1_europe:7de99cdce9e3,London,value,room,room,
d1_europe:7e1fbfe92ed9,Paris,value,room,value,
d1_europe:7e526607e357,Barcelona,value,room,value,
d1_europe:7e5f1c01e2fa,Paris,breakfast,room,breakfast,
d1_europe:7e67ddff0e95,Amsterdam,value,room,value,
d1_europe:7eabed9e42ac,London,noise,room,noise,
d1_europe:7ec0344bdcf3,Paris,service,service,service,Insufficient evidence to recommend an action.
d1_europe:7edc228895ec,Paris,noise,room,noise,
d1_europe:7f1747355276,Vienna,value,room,value,
d1_europe:7f92d432deac,Paris,cleanliness,room,cleanliness,
d1_europe:7fec8fcb8dfd,Paris,cleanliness,room,room,
d1_europe:8029d6296927,Paris,cleanliness,room,cleanliness,
d1_europe:8042e9a1a00f,Barcelona,room,room,room,
d1_europe:804e77328614,London,noise,room,noise,
d1_europe:805dcc4982d6,Barcelona,value,room,value,
d1_europe:806a218a8ffe,Vienna,breakfast,room,room,
d1_europe:80868f552cd1,Barcelona,breakfast,room,breakfast,
d1_europe:80c81be63634,Paris,cleanliness,room,room,Insufficient evidence to recommend an action.
d1_europe:80d7774dad96,Vienna,value,breakfast,value,
d1_europe:81111812ebdc,London,noise,room,noise,
d1_europe:812a3db7afbc,Barcelona,room,room,room,
d1_europe:812d8198df1d,London,room,room,room,
d1_europe:814c18d1c672,Vienna,breakfast,room,noise,
d1_europe:816e484bdc86,Vienna,room,room,value,
d1_europe:820e9138d1a7,Vienna,room,room,room,
d1_europe:823280a7eaf3,London,value,room,value,
d1_europe:8238668a813c,London,value,room,value,
d1_europe:82676db0501f,London,value,room,value,
d1_europe:8277ebe86116,Paris,room,room,room,Insufficient evidence to recommend an action.
d1_europe:82a3663dbec2,Vienna,noise,room,noise,
d1_europe:82a726c37402,London,breakfast,room,breakfast,
d1_europe:830a9897dc63,Paris,room,room,cleanliness,
d1_europe:83aecee53fc3,London,value,room,value,
d1_europe:83b53a54a303,London,noise,room,noise,
d1_europe:83f84762b6e6,Barcelona,noise,room,noise,
d1_europe:840dc76908be,London,value,room,value,
d1_europe:84105cb6b7bc,Milan,value,room,value,
d1_europe:843ec3f7d678,Paris,value,value,value,
d1_europe:844976a96f9c,London,noise,room,value,
d1_europe:847411bdd9ab,Paris,room,room,room,Insufficient evidence to recommend an action.
d1_europe:849c53491de5,Paris,noise,room,room,
d1_europe:84e6b85dd412,Barcelona,noise,room,noise,
d1_europe:852f65a0fbf5,London,value,room,value,
d1_europe:8534da77f97f,Amsterdam,value,room,value,
d1_europe:8583389d60cf,Amsterdam,value,room,value,
d1_europe:859d48614b85,Milan,breakfast,breakfast,breakfast,
d1_europe:85b757f27fd1,Vienna,value,room,value,
d1_europe:85c2b5a74175,Amsterdam,value,room,value,
d1_europe:864a92338777,Barcelona,value,room,value,
d1_europe:8665584d41e0,London,cleanliness,room,room,
d1_europe:8698e801e03c,London,noise,room,noise,
d1_europe:86a782147c70,Vienna,value,room,value,
d1_europe:86d96dc096d7,Amsterdam,value,room,value,
d1_europe:86df8a477add,Vienna,cleanliness,room,cleanliness,
d1_europe:86e6a77837eb,Paris,breakfast,room,breakfast,
d1_europe:870c64e6c2b2,Paris,value,room,value,
d1_europe:872b2b41810d,Milan,noise,room,noise,
d1_europe:872cb02d526d,London,breakfast,room,breakfast,
d1_europe:877983be8256,Vienna,breakfast,breakfast,breakfast,
d1_europe:879428a79e40,Paris,cleanliness,room,room,
d1_europe:87b2f5bdc658,Paris,breakfast,room,room,
d1_europe:87c21c2b0b9c,Paris,value,room,value,
d1_europe:87e4a18d063f,London,value,room,value,
d1_europe:87efe63f56cf,Barcelona,noise,room,room,
d1_europe:880a2ee0c518,Vienna,noise,room,noise,
d1_europe:8890f5f2f27e,Barcelona,noise,room,noise,
d1_europe:88af87fae5d6,Paris,room,room,room,
d1_europe:88cf1b3024f8,Amsterdam,value,room,value,
d1_europe:88d89c1279f1,Paris,value,breakfast,breakfast,
d1_europe:88f6dde53af2,Milan,value,room,value,
d1_europe:89060c4b5192,Paris,room,room,room,
d1_europe:8946cdf76645,London,room,room,room,
d1_europe:89681006252c,London,value,room,value,
d1_europe:897226058b16,Paris,service,service,service,Insufficient evidence to recommend an action.
d1_europe:897cc6d862df,Vienna,room,room,value,
d1_europe:897cf26ee194,Milan,room,room,room,
d1_europe:89d7e4deb666,London,noise,room,value,
d1_europe:89fa6bc1041f,Milan,value,room,value,
d1_europe:8a7a90e163b0,London,room,room,room,
d1_europe:8a9e51617e64,Paris,room,room,room,
d1_europe:8abf3f8fcd79,Milan,value,room,value,
d1_europe:8ad7cd33674d,Barcelona,value,room,value,
d1_europe:8ae2b043f596,Amsterdam,breakfast,room,value,
d1_europe:8aea5d2c188d,Barcelona,value,room,value,
d1_europe:8af4d67c9acb,London,value,room,value,
d1_europe:8af90e35b3ed,Milan,noise,room,noise,
d1_europe:8aff1ddf247a,Vienna,noise,room,noise,
d1_europe:8b209d778387,Paris,value,room,value,
d1_europe:8b2a9a837358,Barcelona,room,room,value,
d1_europe:8bd17c9906cb,Amsterdam,value,breakfast,breakfast,
d1_europe:8bf918dfc3d2,Vienna,value,room,value,
d1_europe:8c211556f5e8,Barcelona,noise,room,noise,
d1_europe:8cbbf6ee0ba2,Paris,value,room,value,
d1_europe:8dc49c149681,London,room,room,room,
d1_europe:8dc87b1b6e2e,Barcelona,value,room,value,
d1_europe:8e5cdaf65ae5,Paris,breakfast,room,breakfast,
d1_europe:8e6084e8fdfc,Paris,cleanliness,cleanliness,cleanliness,Insufficient evidence to recommend an action.
d1_europe:8e793418b181,Paris,breakfast,room,breakfast,
d1_europe:8e8a3a107590,Paris,value,room,room,
d1_europe:8e9b393de9f9,London,value,room,value,
d1_europe:8ea1d3e69a00,Milan,value,room,room,
d1_europe:8ea418c06990,Paris,value,room,value,
d1_europe:8ed8a95ceee1,London,value,room,value,
d1_europe:8eeb30fb4c43,London,service,service,cleanliness,Insufficient evidence to recommend an action.
d1_europe:8f1c46e9b51f,Paris,value,room,value,
d1_europe:8f498cf6b801,Barcelona,value,room,value,
d1_europe:8f5fe818c1cb,Barcelona,room,room,room,
d1_europe:8f646b5e5c41,Milan,value,cleanliness,value,
d1_europe:8f677d235488,Paris,value,service,value,
d1_europe:8f6bb7bf43ec,Vienna,noise,room,noise,
d1_europe:8f7ce37d5b07,Amsterdam,value,room,room,
d1_europe:8f7f1b5f0bcf,Milan,value,room,value,
d1_europe:8f8b76853b9b,London,value,room,value,
d1_europe:8ff614c4626f,London,value,room,value,
d1_europe:90271d3c7f8f,Vienna,value,room,value,
d1_europe:907880c443b8,Paris,cleanliness,room,cleanliness,
d1_europe:908312982add,London,room,room,room,
d1_europe:911894cb9fe8,Amsterdam,value,room,value,
d1_europe:912b1cf0fde5,Paris,cleanliness,room,cleanliness,
d1_europe:91595ef09e8b,Paris,noise,room,noise,
d1_europe:9193c79e6559,Paris,room,room,room,
d1_europe:91bc99c5254f,London,value,room,room,
d1_europe:92924ecfcd5a,London,value,value,value,
d1_europe:92939d100271,Barcelona,noise,room,noise,
d1_europe:92e2f39412cf,London,noise,room,noise,
d1_europe:92ed549e36e3,London,noise,room,noise,
d1_europe:930c9ebbcdf2,Paris,breakfast,room,breakfast,
d1_europe:9314525f13bf,Paris,noise,room,noise,
d1_europe:9342f4cbc694,Milan,value,room,value,
d1_europe:9381f8b252bc,Milan,noise,room,room,
d1_europe:93ff0ff244c5,Paris,noise,room,value,
d1_europe:941a01efa64b,London,value,room,value,
d1_europe:94342cba9401,Vienna,breakfast,room,breakfast,
d1_europe:94389f2e5f8b,Vienna,room,room,room,
d1_europe:943e9715b6ff,Barcelona,value,room,value,
d1_europe:945cb8e2c53e,Paris,value,cleanliness,value,
d1_europe:94ab8bc04979,London,room,room,room,
d1_europe:94e4feefb94e,Paris,noise,room,room,
d1_europe:950a22497933,Milan,noise,room,noise,
d1_europe:950abad734ef,Paris,noise,room,room,
d1_europe:9524244cf3d9,Paris,value,room,value,
d1_europe:954c67ac42e3,Milan,value,room,value,
d1_europe:95693f2ba764,Paris,noise,room,room,Insufficient evidence to recommend an action.
d1_europe:956ef79cc3d4,Barcelona,noise,room,noise,
d1_europe:958a106c3066,Paris,breakfast,room,breakfast,
d1_europe:959df98eb473,Amsterdam,value,room,value,
d1_europe:959f875bd46e,Paris,breakfast,room,value,
d1_europe:95c645959d88,Vienna,value,breakfast,value,Insufficient evidence to recommend an action.
d1_europe:95deefb43059,London,value,room,value,
d1_europe:9604a2d49cd0,Paris,value,room,value,
d1_europe:9648fc267c3b,London,value,room,room,
d1_europe:966571dced28,Vienna,value,room,value,
d1_europe:9675b2a6062f,Paris,value,room,value,
d1_europe:96b2a929cb3a,Paris,service,room,service,
d1_europe:96d9cbb82aa8,Amsterdam,value,room,value,
d1_europe:96dbfead4936,Paris,value,room,value,
d1_europe:9706151f80a7,London,value,room,room,
d1_europe:97148bffda35,Barcelona,noise,room,noise,
d1_europe:9725b775214e,Paris,value,room,noise,
d1_europe:97326e59de1c,London,value,room,value,
d1_europe:9785cada2e7b,London,breakfast,breakfast,breakfast,
d1_europe:97b8f24b6649,London,breakfast,room,breakfast,
d1_europe:98068ed89efd,Barcelona,noise,room,noise,
d1_europe:980abf5c28bb,Milan,value,room,room,
d1_europe:98343a69a195,London,value,room,breakfast,
d1_europe:986fcf571a29,Paris,noise,room,noise,
d1_europe:98722ec1e52e,Paris,cleanliness,room,cleanliness,
d1_europe:98a669363e89,Vienna,value,room,room,
d1_europe:98c60043ce9e,Paris,value,room,service,
d1_europe:98f09f6fe7c0,Vienna,value,service,value,
d1_europe:99003bdc315a,London,room,room,room,
d1_europe:9911b7035036,London,breakfast,room,value,
d1_europe:995ce1b8dd84,Vienna,room,room,room,
d1_europe:997c7897f1b6,Paris,noise,room,room,
d1_europe:99902f20e284,Paris,value,room,value,
d1_europe:9998b7721c27,Paris,room,room,value,
d1_europe:99a74e28e762,Barcelona,value,room,value,
d1_europe:9a51c11e78d8,London,value,room,value,
d1_europe:9aa81ab6c4f1,London,value,room,value,
d1_europe:9ac560471984,Paris,breakfast,breakfast,breakfast,Insufficient evidence to recommend an action.
d1_europe:9ae8f27fc02e,Barcelona,room,room,room,
d1_europe:9aef7af5a796,Milan,cleanliness,cleanliness,cleanliness,Insufficient evidence to recommend an action.
d1_europe:9b4d5f768c78,Paris,value,room,value,
d1_europe:9be63c242244,Amsterdam,room,room,room,
d1_europe:9c05629adc8b,Milan,value,service,value,
d1_europe:9c1116d65fe6,Paris,room,room,room,
d1_europe:9c69dd177b19,Paris,noise,room,room,
d1_europe:9c6fb18143c5,Paris,service,service,service,Insufficient evidence to recommend an action.
d1_europe:9c76ddaf9735,Barcelona,value,room,value,
d1_europe:9c92df83c00a,London,breakfast,room,room,
d1_europe:9cac548396c2,Vienna,room,room,room,
d1_europe:9ccff19e864d,Paris,room,room,room,
d1_europe:9cf5db5c9c76,Amsterdam,value,room,value,
d1_europe:9d3a6e24f38c,Barcelona,noise,room,noise,
d1_europe:9d749d768b63,Paris,breakfast,service,breakfast,
d1_europe:9d7f698e6ff3,Barcelona,value,room,value,
d1_europe:9da36376870f,Paris,value,cleanliness,value,
d1_europe:9db79a245140,Milan,noise,room,noise,
d1_europe:9e3ba7e04e0f,London,breakfast,room,breakfast,
d1_europe:9e811021d89f,Vienna,value,room,value,
d1_europe:9e846a10b445,Amsterdam,value,room,value,
d1_europe:9eaae4cc11a1,Barcelona,noise,room,noise,
d1_europe:9ed4333872b3,Paris,room,room,room,Insufficient evidence to recommend an action.
d1_europe:9ee1433615a7,London,value,room,value,
d1_europe:9f497a9efd55,Paris,breakfast,room,breakfast,
d1_europe:9f772f589a52,Barcelona,breakfast,room,breakfast,
d1_europe:9fea058c1e96,Barcelona,breakfast,room,room,
d1_europe:9ff4d7d87023,Amsterdam,value,room,value,
d1_europe:a0063f8c5926,Vienna,service,breakfast,service,Insufficient evidence to recommend an action.
d1_europe:a051a59fc374,Paris,value,room,value,
d1_europe:a0d6d1757717,London,breakfast,breakfast,breakfast,
d1_europe:a106d9a9fcda,Paris,value,room,value,
d1_europe:a125a341b568,London,value,room,value,
d1_europe:a1453372bd85,London,value,room,room,
d1_europe:a1d42f5f541d,Paris,breakfast,room,value,
d1_europe:a1e157d50cc0,London,room,room,room,
d1_europe:a21112b67df6,London,breakfast,room,breakfast,
d1_europe:a222ecda4c4a,Vienna,value,room,value,
d1_europe:a273893beec1,Paris,value,service,value,Insufficient evidence to recommend an action.
d1_europe:a2768c2991fe,London,value,room,value,
d1_europe:a28fb3a61ef7,Vienna,noise,room,cleanliness,
d1_europe:a2fc3bd56134,Barcelona,room,room,room,
d1_europe:a333824d30ab,Milan,room,room,room,
d1_europe:a38d1b8bbc5d,Paris,value,room,value,Insufficient evidence to recommend an action.
d1_europe:a3c25e521fbd,Paris,breakfast,breakfast,breakfast,Insufficient evidence to recommend an action.
d1_europe:a3d494b35ff7,Milan,value,room,room,
d1_europe:a3dfc01bc2c5,Barcelona,value,room,value,
d1_europe:a3e697bfecfc,London,value,room,value,
d1_europe:a3fc8cde0f6b,Barcelona,breakfast,breakfast,breakfast,Insufficient evidence to recommend an action.
d1_europe:a412232e0cad,Paris,breakfast,room,breakfast,
d1_europe:a447aba8a201,London,value,room,value,
d1_europe:a48cea01b1c8,Vienna,service,room,noise,
d1_europe:a4c281e167bb,Paris,noise,room,noise,
d1_europe:a4e814d41422,Paris,room,room,room,Insufficient evidence to recommend an action.
d1_europe:a51171f60574,Barcelona,value,room,value,
d1_europe:a516298a83ea,London,value,room,value,
d1_europe:a520d98e1485,Barcelona,noise,room,noise,
d1_europe:a52b02c692a0,Paris,noise,room,noise,
d1_europe:a538b8a07435,Paris,value,room,value,
d1_europe:a57e072de053,Barcelona,breakfast,room,breakfast,
d1_europe:a59829d13981,Paris,breakfast,room,breakfast,
d1_europe:a5ce10a39a7a,Paris,breakfast,room,breakfast,
d1_europe:a64677b1da8d,Barcelona,value,room,value,
d1_europe:a660e3798d54,Milan,room,room,cleanliness,
d1_europe:a69cb3134ba6,Barcelona,value,room,value,
d1_europe:a69f07e7ddc0,Paris,cleanliness,room,noise,
d1_europe:a6cd923aaca2,London,value,room,value,
d1_europe:a70265864db0,London,value,room,value,
d1_europe:a7443b6fa6bc,Amsterdam,value,room,value,
d1_europe:a7f9208fc2cf,London,value,room,value,
d1_europe:a819970bc093,London,cleanliness,room,room,
d1_europe:a82cec6dfde7,Barcelona,noise,room,room,
d1_europe:a85d55eb95e7,Paris,noise,breakfast,noise,
d1_europe:a86353c8a5b4,Paris,cleanliness,room,cleanliness,
d1_europe:a867d1cf6525,London,noise,room,noise,
d1_europe:a893e72f64ca,London,value,room,room,
d1_europe:a8a0b6e62ffc,Barcelona,noise,room,noise,
d1_europe:a8a21e635a92,London,value,value,value,
d1_europe:a8ab2237fd53,Milan,noise,cleanliness,cleanliness,
d1_europe:a8fbe0563993,Vienna,room,room,room,Insufficient evidence to recommend an action.
d1_europe:a91dd6ffd9c6,Barcelona,breakfast,room,breakfast,
d1_europe:a9321b953d2a,Barcelona,value,room,value,
d1_europe:a94f1ce2edde,London,noise,room,noise,
d1_europe:a9dba0c285eb,Paris,value,breakfast,breakfast,
d1_europe:aa32256e8683,London,noise,room,noise,
d1_europe:aa4894ddf0eb,Barcelona,noise,room,noise,
d1_europe:aa5b67ad2167,Paris,value,room,value,
d1_europe:aa6a8489dc1e,Milan,noise,room,noise,
d1_europe:aa74bdf43659,London,breakfast,room,breakfast,
d1_europe:aa882172108e,Milan,value,breakfast,value,
d1_europe:aa98e4b748fd,Paris,breakfast,room,breakfast,
d1_europe:aaf65e725924,Paris,value,room,value,
d1_europe:aaf7c3c1d340,Paris,breakfast,room,breakfast,
d1_europe:ab1215ed1375,Paris,room,room,room,
d1_europe:ab3ae62ff0c7,London,value,room,value,
d1_europe:abe558aded18,London,noise,room,noise,
d1_europe:abfa45aa8137,London,noise,room,room,
d1_europe:ac15e1e7b5f9,Barcelona,value,room,value,
d1_europe:ac2d3bbf93be,London,cleanliness,room,cleanliness,
d1_europe:ac32ae5f7069,London,breakfast,room,breakfast,
d1_europe:ad00b45ebe22,Milan,noise,room,noise,
d1_europe:ad2ead23c7f8,Paris,value,room,cleanliness,
d1_europe:ad311509c871,Vienna,value,room,value,
d1_europe:ad42ef0b7cc5,Barcelona,noise,room,noise,
d1_europe:ad476c57ee41,Vienna,service,room,service,
d1_europe:ad643f4c270e,Barcelona,noise,room,room,
d1_europe:adbd8c9c517d,Paris,room,room,room,
d1_europe:ae07bbca9854,London,value,room,value,
d1_europe:ae08f4777a07,Paris,room,room,cleanliness,
d1_europe:ae15d48d3b94,Barcelona,noise,noise,noise,Insufficient evidence to recommend an action.
d1_europe:ae261d62ccf7,Paris,cleanliness,room,cleanliness,
d1_europe:ae4d72ec2bab,London,value,room,value,
d1_europe:ae95e2663593,Paris,value,room,value,
d1_europe:af1263c844c3,Paris,room,room,room,
d1_europe:af4175caabaa,London,breakfast,room,breakfast,
d1_europe:af459512fb48,Paris,noise,service,noise,
d1_europe:af46f7946ae6,London,value,room,value,
d1_europe:af5fc4a7604a,London,value,breakfast,value,
d1_europe:af92593a06b6,Amsterdam,value,room,value,
d1_europe:afc4e4aaf516,Vienna,noise,room,noise,
d1_europe:afc62ad0cd42,Milan,noise,breakfast,noise,
d1_europe:afdcb1a3fa8e,Barcelona,value,room,value,
d1_europe:afea47de8e91,Milan,noise,room,noise,
d1_europe:b05553d8e1ee,Barcelona,noise,noise,noise,
d1_europe:b0652ebb77e0,Paris,room,room,room,
d1_europe:b075567427a2,Amsterdam,value,room,value,
d1_europe:b0c2071ed31d,London,noise,room,noise,
d1_europe:b1bf88676e14,Vienna,room,room,breakfast,
d1_europe:b1c18459fbf7,Milan,breakfast,room,breakfast,
d1_europe:b21951c2669b,Paris,room,room,room,Insufficient evidence to recommend an action.
d1_europe:b24727f9715a,London,value,room,value,
d1_europe:b289dd95ce81,Vienna,noise,room,noise,
d1_europe:b29f2cf54f5e,Vienna,cleanliness,room,cleanliness,Insufficient evidence to recommend an action.
d1_europe:b2beb8a17d66,Paris,noise,room,value,
d1_europe:b2c3c257a9b9,London,room,room,room,
d1_europe:b2c845bbf8b7,Paris,breakfast,room,breakfast,
d1_europe:b3286b54c5f5,Paris,breakfast,room,room,Insufficient evidence to recommend an action.
d1_europe:b354bd727c54,London,noise,room,noise,
d1_europe:b3a4f045895e,Paris,value,breakfast,value,
d1_europe:b40cfb52ca8f,Paris,room,room,room,
d1_europe:b48924ccb26a,London,noise,room,room,
d1_europe:b4ca1335bf3b,Paris,value,room,value,
d1_europe:b4ff7fc23035,Paris,breakfast,breakfast,breakfast,
d1_europe:b515473bdadc,Amsterdam,breakfast,room,breakfast,
d1_europe:b522dc9fbaf3,Barcelona,value,room,room,
d1_europe:b56f04688d65,Milan,noise,room,noise,
d1_europe:b58c3a47a8da,Barcelona,noise,room,noise,
d1_europe:b5a77c5f763f,Paris,room,service,room,
d1_europe:b5a7ba2c5529,Paris,cleanliness,service,cleanliness,Insufficient evidence to recommend an action.
d1_europe:b5ac89c29067,Barcelona,value,service,value,
d1_europe:b5b435c726b0,Amsterdam,value,room,value,
d1_europe:b5b882319f1c,Milan,room,room,room,
d1_europe:b5c9d8525510,Paris,room,room,room,
d1_europe:b5d50d00bce4,London,breakfast,room,breakfast,
d1_europe:b5efde3a9a9e,London,room,room,room,
d1_europe:b64444047825,Vienna,value,room,value,
d1_europe:b67ed0927d2d,Barcelona,value,room,room,
d1_europe:b6b72c89ea90,Paris,room,room,room,
d1_europe:b719cad28fa9,Barcelona,noise,room,noise,
d1_europe:b73c6fe4bf27,Paris,value,room,value,
d1_europe:b749c978b6ac,Milan,service,room,service,
d1_europe:b81a923c47ff,London,value,room,value,
d1_europe:b81f1e75251a,Barcelona,noise,room,noise,
d1_europe:b83830477054,Barcelona,value,room,value,
d1_europe:b87c5af634d4,London,noise,room,room,
d1_europe:b89331730d84,London,value,room,breakfast,
d1_europe:b90774aae867,Paris,room,room,room,
d1_europe:b9297ecb0362,Paris,room,room,room,Insufficient evidence to recommend an action.
d1_europe:b935a095fbdf,Paris,noise,room,noise,
d1_europe:b94f0b421694,London,value,room,value,
d1_europe:b96655ffae8c,Paris,breakfast,room,room,
d1_europe:b99b84291746,Paris,breakfast,room,breakfast,Insufficient evidence to recommend an action.
d1_europe:b9a2f8dda3f5,Paris,noise,room,room,
d1_europe:b9b10533060b,London,value,room,value,
d1_europe:b9b65456e1bd,Vienna,noise,breakfast,noise,
d1_europe:b9d42941e9a1,Milan,noise,room,room,
d1_europe:ba2230e6ec8c,Vienna,noise,room,noise,
d1_europe:ba3285c16c7a,Paris,room,room,room,
d1_europe:ba38de5e2245,London,value,room,value,
d1_europe:ba61fa09071e,Vienna,value,room,value,
d1_europe:ba9482692dad,London,value,room,noise,
d1_europe:bac96c13a6a2,Amsterdam,value,room,value,
d1_europe:bae35180d69e,Barcelona,value,room,value,
d1_europe:baeee246229f,Barcelona,cleanliness,cleanliness,cleanliness,Insufficient evidence to recommend an action.
d1_europe:bb255be80441,Paris,value,room,value,
d1_europe:bb41aee71152,London,breakfast,room,breakfast,
d1_europe:bbcca7bfde71,Amsterdam,value,room,noise,
d1_europe:bbd85ad6def0,Barcelona,noise,room,noise,
d1_europe:bbe8e383dfc7,Vienna,room,room,room,
d1_europe:bbf39468fe22,London,value,room,room,
d1_europe:bc3d3e99c9ad,London,value,room,value,
d1_europe:bc965d1ba060,Barcelona,value,room,value,
d1_europe:bca2ae6a3402,London,value,room,value,
d1_europe:bcb35e683a63,Paris,value,room,value,
d1_europe:bce49153d007,Paris,room,room,room,
d1_europe:bd234bb516c2,London,breakfast,breakfast,breakfast,Insufficient evidence to recommend an action.
d1_europe:bd4b9e8d6823,Paris,noise,noise,noise,
d1_europe:bd69d68051d3,Paris,room,room,room,
d1_europe:bd7288d7b466,Barcelona,value,room,value,
d1_europe:be3eeec75b3d,London,value,room,value,
d1_europe:be79e23976ec,Paris,breakfast,breakfast,breakfast,
d1_europe:beb28c0fe032,Paris,breakfast,room,breakfast,
d1_europe:bebd8343d3f7,Paris,value,room,value,
d1_europe:bec11c6936a7,Paris,value,room,value,
d1_europe:beecedaf13f6,London,noise,room,noise,
d1_europe:bef47f3cfc70,London,breakfast,room,breakfast,
d1_europe:bf7b6d46cdab,Barcelona,value,room,room,
d1_europe:bf91ad99093d,London,noise,noise,noise,
d1_europe:bfdd1ac88800,London,room,room,room,Insufficient evidence to recommend an action.
d1_europe:c030763176d0,Vienna,value,room,value,
d1_europe:c0bb788934b2,Paris,breakfast,breakfast,breakfast,Insufficient evidence to recommend an action.
d1_europe:c0c43bb38564,Paris,service,service,service,Insufficient evidence to recommend an action.
d1_europe:c0d3ed99b4b1,Paris,breakfast,breakfast,breakfast,Insufficient evidence to recommend an action.
d1_europe:c1424c529f6f,Paris,noise,room,room,
d1_europe:c1460c7f249a,Amsterdam,noise,room,noise,
d1_europe:c1c21bcfd628,Paris,value,room,cleanliness,
d1_europe:c20626d3a954,Milan,room,room,room,Insufficient evidence to recommend an action.
d1_europe:c20dc52ac88f,London,value,room,value,
d1_europe:c223d6d3dab1,Barcelona,breakfast,room,breakfast,
d1_europe:c22412708a08,London,noise,room,noise,
d1_europe:c23b42b83962,Paris,value,room,value,
d1_europe:c26fb01484ff,London,noise,room,noise,
d1_europe:c27ae9ab63e1,Paris,room,room,room,
d1_europe:c28ca48e902e,Paris,value,room,value,
d1_europe:c308a545e835,Paris,breakfast,service,service,
d1_europe:c31402f5247b,Paris,value,breakfast,value,
d1_europe:c35c2e67e992,Paris,value,room,value,
d1_europe:c395621e1b62,Paris,cleanliness,room,cleanliness,
d1_europe:c3c41a653247,Paris,room,room,room,
d1_europe:c3e44a1d7b3d,Amsterdam,value,room,room,
d1_europe:c3e6cefe15eb,Paris,value,room,value,
d1_europe:c3ebba7ff942,Paris,breakfast,room,breakfast,
d1_europe:c4417bea8fdd,London,value,room,value,
d1_europe:c46646d3364c,London,value,room,value,
d1_europe:c47d2c9a0bd5,Vienna,noise,room,noise,
d1_europe:c4beb026abe5,Amsterdam,value,room,value,
d1_europe:c4ebcc9a75f8,Paris,cleanliness,room,value,
d1_europe:c51b72dc5dd1,Vienna,value,value,value,
d1_europe:c53b8f1a6a27,London,value,room,value,
d1_europe:c54c6dc8e83c,Amsterdam,value,service,value,
d1_europe:c560d70c7c14,Paris,room,room,room,
d1_europe:c60710a9222e,Barcelona,noise,room,room,
d1_europe:c613400b3bac,Barcelona,value,room,value,
d1_europe:c679dae1e5d2,Vienna,noise,room,noise,
d1_europe:c696fbb342cd,Barcelona,value,room,value,
d1_europe:c69e84ee0f8f,Amsterdam,value,room,value,
d1_europe:c6c8bdeaaacb,Milan,room,room,room,
d1_europe:c6d71978c7e3,London,noise,room,room,
d1_europe:c6e9808c325c,Paris,noise,noise,noise,
d1_europe:c70072220e22,London,cleanliness,room,cleanliness,
d1_europe:c7504aab178b,Barcelona,noise,room,noise,
d1_europe:c7a10c20af35,Barcelona,cleanliness,room,cleanliness,
d1_europe:c7afb62e2d02,Milan,breakfast,service,breakfast,
d1_europe:c7c195c6a467,Barcelona,room,room,room,Insufficient evidence to recommend an action.
d1_europe:c7c53900db60,Paris,value,room,value,
d1_europe:c7f6d91f27d6,Paris,room,room,room,
d1_europe:c80d0d580253,London,value,room,value,
d1_europe:c82279245f42,London,value,room,value,
d1_europe:c833a75ca85b,Paris,value,service,value,
d1_europe:c8bea78b4efa,Vienna,value,value,value,
d1_europe:c8c19f5271ad,Vienna,noise,room,noise,
d1_europe:c9430bf39187,Milan,room,room,room,
d1_europe:c98d39dace94,Paris,noise,room,noise,
d1_europe:c9aa6bc73ff0,Amsterdam,value,value,value,
d1_europe:c9bb34d69212,Barcelona,value,room,breakfast,
d1_europe:c9ccb1566816,Paris,value,room,value,
d1_europe:ca44e1b4c8f0,Barcelona,value,room,value,
d1_europe:caab25c0ce8c,Paris,cleanliness,breakfast,breakfast,
d1_europe:cb038cd9a5b6,Milan,noise,room,noise,
d1_europe:cb139dd2cc0e,Paris,breakfast,room,breakfast,
d1_europe:cb53605156f4,Milan,value,room,room,
d1_europe:cb75ad67cc37,Vienna,value,room,value,
d1_europe:cb7bc739cab4,Vienna,value,room,value,
d1_europe:cb891539e9f9,Milan,noise,room,noise,
d1_europe:cb9698ae7a52,Barcelona,breakfast,room,breakfast,
d1_europe:cba8965b48cf,Barcelona,value,room,value,
d1_europe:cbc5b5f23a0c,Paris,cleanliness,cleanliness,cleanliness,Insufficient evidence to recommend an action.
d1_europe:cc24ce8901b5,Barcelona,room,room,room,
d1_europe:cc8953a58145,Paris,noise,room,breakfast,
d1_europe:cc8e44112d2f,Paris,value,value,value,
d1_europe:ccaf0d02c34e,Vienna,value,room,value,
d1_europe:ccb2054f9522,Barcelona,cleanliness,cleanliness,cleanliness,Insufficient evidence to recommend an action.
d1_europe:ccbd6cab76b3,Vienna,value,room,value,
d1_europe:cd02f72994ac,Paris,room,room,room,
d1_europe:cd1cdebec77c,Paris,value,service,value,Insufficient evidence to recommend an action.
d1_europe:cd4b069bc968,Amsterdam,noise,room,noise,
d1_europe:cd8652ffd353,Amsterdam,room,room,room,
d1_europe:cd9cd5127454,London,breakfast,room,breakfast,
d1_europe:ce196f5bb270,London,noise,room,noise,
d1_europe:ce4e13234491,London,noise,room,noise,
d1_europe:ce6da3e7e56a,Barcelona,noise,room,value,
d1_europe:ceda7607171d,London,room,room,room,
d1_europe:cf1787e1e42e,London,noise,room,room,
d1_europe:cf37465afb68,Paris,room,room,room,
d1_europe:cf3c773913ea,Vienna,value,room,room,
d1_europe:cf590695c754,Paris,value,room,value,
d1_europe:cf67b45a691b,Paris,breakfast,breakfast,breakfast,
d1_europe:cfd152387e23,Barcelona,value,room,value,
d1_europe:cfd449b016f2,Barcelona,value,room,value,
d1_europe:cfe43c3bbcb4,Paris,room,breakfast,room,
d1_europe:cfe4424e848a,Amsterdam,value,room,value,
d1_europe:cfeaf865a01c,Amsterdam,breakfast,value,value,
d1_europe:cff78fb7b9d8,Milan,cleanliness,room,cleanliness,
d1_europe:d09326a29fa9,Milan,room,room,room,
d1_europe:d0ba980f802d,Paris,value,room,breakfast,
d1_europe:d0e378c8e566,Vienna,room,room,room,
d1_europe:d103d070b5cc,London,cleanliness,room,room,
d1_europe:d1431feafe95,London,value,room,value,
d1_europe:d146efe363ce,Barcelona,value,room,value,
d1_europe:d1a63b1c1b26,Milan,value,value,value,
d1_europe:d1c62a1d3521,Paris,breakfast,room,room,
d1_europe:d1e5ee62ac8c,Barcelona,noise,room,noise,
d1_europe:d2acc90f675e,Paris,value,room,room,
d1_europe:d325f0ca87a3,Vienna,value,room,value,
d1_europe:d3af210bdcdd,Paris,value,room,value,
d1_europe:d3ea9e57baf0,London,noise,room,noise,
d1_europe:d417f53df4ca,Milan,noise,room,noise,
d1_europe:d444a53975c6,Amsterdam,noise,service,noise,
d1_europe:d48d5492eb67,Milan,room,breakfast,room,Insufficient evidence to recommend an action.
d1_europe:d49b3d6ce034,Paris,room,room,room,
d1_europe:d54eae433ecd,Barcelona,value,room,value,
d1_europe:d555c0f03fa3,London,cleanliness,service,cleanliness,
d1_europe:d555f5734a7c,Amsterdam,value,room,value,
d1_europe:d57f5b9cb3a9,Amsterdam,value,room,value,
d1_europe:d5c381b1cf1a,London,value,value,value,
d1_europe:d630d1520e0c,Paris,room,room,cleanliness,Insufficient evidence to recommend an action.
d1_europe:d644539a7b90,Vienna,value,room,value,
d1_europe:d65ec5fdbfe1,London,room,room,room,
d1_europe:d6a9d6e83109,Paris,breakfast,service,breakfast,
d1_europe:d6d3518edd56,London,value,room,value,
d1_europe:d6e5cc3db0e9,London,value,service,value,
d1_europe:d6e9ca534f75,Barcelona,value,room,value,
d1_europe:d6f047a12be3,London,noise,noise,noise,Insufficient evidence to recommend an action.
d1_europe:d71f8eef9240,Paris,value,room,value,
d1_europe:d73aba809b16,Paris,breakfast,room,breakfast,
d1_europe:d7780444652a,Milan,noise,room,noise,
d1_europe:d7d6b8f4a475,Milan,noise,room,noise,
d1_europe:d8386c9839f5,London,value,room,value,
d1_europe:d880749e2da2,Amsterdam,value,room,value,
d1_europe:d8c4702ad034,Paris,breakfast,room,breakfast,
d1_europe:d8e03b392631,Paris,noise,room,noise,
d1_europe:d8e80cbfdb53,Milan,breakfast,room,room,
d1_europe:d8f99f97b211,London,room,room,room,
d1_europe:d91675d710b9,London,cleanliness,cleanliness,cleanliness,Insufficient evidence to recommend an action.
d1_europe:d92de14a9766,Paris,cleanliness,room,room,
d1_europe:d92e04cba9a3,Barcelona,noise,service,noise,
d1_europe:d937c28a384b,Amsterdam,value,room,value,
d1_europe:d950b26dc096,London,noise,room,room,
d1_europe:d95a8577be0b,Barcelona,noise,room,noise,
d1_europe:d9cd0ce692f2,London,breakfast,room,breakfast,
d1_europe:d9e3406b2b18,Paris,cleanliness,service,room,
d1_europe:d9e9c0a7d542,London,value,room,value,
d1_europe:d9fb4313821b,Milan,value,room,value,
d1_europe:da4a0e5f16ee,Barcelona,breakfast,cleanliness,cleanliness,Insufficient evidence to recommend an action.
d1_europe:da92406b15f6,Paris,value,service,value,
d1_europe:dab992362745,Vienna,value,room,value,
d1_europe:dae58de62c46,Barcelona,value,room,value,
d1_europe:daf763400862,Paris,cleanliness,room,cleanliness,
d1_europe:db1c74e64a63,London,noise,room,noise,
d1_europe:db4911bdd986,London,value,room,value,
d1_europe:db50462289b4,London,value,room,value,
d1_europe:db85fb25e66b,London,noise,room,noise,
d1_europe:dc1d7fec4731,London,value,room,value,
d1_europe:dc89ac58db0a,Paris,value,room,value,
d1_europe:dc8a200ac28c,Paris,cleanliness,service,service,
d1_europe:dc8bb97ee62a,Paris,value,service,value,Insufficient evidence to recommend an action.
d1_europe:dcb73bc416f5,London,value,room,value,
d1_europe:dcbca10e296c,Paris,value,room,value,
d1_europe:dccd1e2cdcdb,Paris,value,room,value,
d1_europe:dcfa69ace803,Paris,value,room,value,
d1_europe:dd11e1bd1519,London,noise,room,noise,
d1_europe:dd341f4d642e,London,value,room,value,
d1_europe:dd40cc1d1f4d,Barcelona,value,room,value,
d1_europe:ddce2b2e2bfc,Paris,value,room,value,
d1_europe:ddfb039c7364,Barcelona,room,room,room,
d1_europe:ddff2a466b5e,Amsterdam,value,room,value,
d1_europe:de2905733772,Paris,value,service,value,
d1_europe:de50560187f0,Amsterdam,value,room,value,
d1_europe:de59ee3b281c,London,breakfast,service,breakfast,
d1_europe:dedfa7d4421e,Paris,cleanliness,room,room,
d1_europe:df03521410af,Milan,noise,room,noise,
d1_europe:df73dc1ec0d9,London,value,room,room,
d1_europe:df9642915db5,Paris,breakfast,breakfast,breakfast,Insufficient evidence to recommend an action.
d1_europe:dfb8b8dba3ca,Paris,breakfast,room,breakfast,
d1_europe:e01e8f41d166,Paris,breakfast,room,value,
d1_europe:e0265bd27641,Amsterdam,value,room,value,
d1_europe:e03a00a1b0f4,Barcelona,breakfast,breakfast,breakfast,
d1_europe:e0862621a22d,Amsterdam,value,room,value,
d1_europe:e08c2652381b,Barcelona,room,service,room,Insufficient evidence to recommend an action.
d1_europe:e08fdee7c216,London,breakfast,room,room,
d1_europe:e096d9a0405e,London,value,room,room,
d1_europe:e0be64fce7db,London,value,room,value,
d1_europe:e0da349bb62a,Paris,room,room,room,Insufficient evidence to recommend an action.
d1_europe:e0ebf729bd4c,Milan,breakfast,breakfast,noise,
d1_europe:e1074075b998,Milan,value,breakfast,value,
d1_europe:e1145e2572ee,Paris,room,room,room,
d1_europe:e11be82388ab,Milan,value,room,value,
d1_europe:e13266ce83a3,Paris,value,room,value,
d1_europe:e1a2e61e1bb2,London,room,room,room,
d1_europe:e1a4e8ab90fe,Paris,breakfast,room,breakfast,
d1_europe:e1a51e5b67b9,London,value,room,value,
d1_europe:e1e862788ec4,Paris,value,room,value,
d1_europe:e27927848d61,Barcelona,noise,room,noise,
d1_europe:e2dc680925f5,Paris,room,room,room,Insufficient evidence to recommend an action.
d1_europe:e3374cca5ea0,London,room,room,room,
d1_europe:e381ef9e2f58,Amsterdam,breakfast,room,breakfast,
d1_europe:e401a9fe419f,London,breakfast,room,breakfast,
d1_europe:e417a1f1adfa,Amsterdam,room,room,room,
d1_europe:e4679fee075f,Paris,room,room,room,
d1_europe:e47635180de9,Milan,cleanliness,room,room,
d1_europe:e4d1e8404730,London,noise,room,noise,
d1_europe:e51e7340c681,London,service,service,service,
d1_europe:e5354fff1255,London,value,room,value,
d1_europe:e53b4ac719ab,Paris,room,room,room,
d1_europe:e553c07ecfb9,Paris,value,room,room,
d1_europe:e55a71225ee1,Paris,room,room,room,
d1_europe:e588fa3bdf76,Vienna,noise,room,noise,
d1_europe:e607a9960515,Barcelona,value,room,room,
d1_europe:e61137146827,London,value,room,value,
d1_europe:e6587d473e6a,London,value,room,value,
d1_europe:e68978757ef9,Paris,value,room,value,
d1_europe:e6b365c24728,London,noise,room,noise,
d1_europe:e6f927f7a55c,London,noise,room,noise,
d1_europe:e731153d42aa,Milan,value,room,value,
d1_europe:e743dc4f94b9,Paris,value,room,value,
d1_europe:e794d5f63f13,Vienna,noise,noise,noise,
d1_europe:e7bb51c7c62b,Milan,value,room,value,
d1_europe:e7d26c42919e,Barcelona,service,room,service,
d1_europe:e7d79824ff86,Paris,noise,room,noise,
d1_europe:e7e84dff1eb2,Barcelona,value,room,value,
d1_europe:e840306ad69a,London,breakfast,room,breakfast,
d1_europe:e8466803c130,London,room,room,room,
d1_europe:e89a7934c652,Amsterdam,value,room,value,
d1_europe:e8b82d3d036e,Paris,cleanliness,cleanliness,cleanliness,
d1_europe:e8eea7b7bde1,Milan,noise,room,noise,
d1_europe:e9103eb8593b,Paris,service,service,service,Insufficient evidence to recommend an action.
d1_europe:e9109fdbe424,London,noise,room,noise,
d1_europe:e92ac218fdf6,Paris,breakfast,room,room,
d1_europe:e957e4ce9365,Paris,value,room,value,
d1_europe:e99702a9a074,Vienna,room,room,room,
d1_europe:e9ee294ff592,London,value,room,value,
d1_europe:ea0252721929,Vienna,noise,room,noise,
d1_europe:ea528a31020a,London,breakfast,room,breakfast,
d1_europe:ea9ea5c90347,Paris,room,room,room,
d1_europe:ea9f9db29d79,Barcelona,noise,room,noise,
d1_europe:eb1d29d6a778,Paris,value,service,value,
d1_europe:eb4d0d18bc56,Amsterdam,value,room,value,
d1_europe:eb4e953df9ce,Vienna,value,value,value,
d1_europe:eb525315ef4b,Paris,value,breakfast,breakfast,
d1_europe:ebaee2181901,London,value,room,value,
d1_europe:ebb06ac568f6,Paris,room,room,room,
d1_europe:ebcf805ff5f6,London,cleanliness,breakfast,cleanliness,
d1_europe:ebe541c183b4,Amsterdam,value,room,value,
d1_europe:ec1b0aa6168e,Milan,room,room,room,
d1_europe:ec330949450d,Amsterdam,value,room,value,
d1_europe:ec5f50113df8,Vienna,value,room,value,
d1_europe:ec9c6a79580b,Paris,room,room,room,
d1_europe:ed2298b584ba,London,breakfast,room,breakfast,
d1_europe:ed300a4eb594,Barcelona,noise,room,noise,
d1_europe:ed59fc92498c,Vienna,breakfast,breakfast,breakfast,
d1_europe:ed5e1ae6b955,Paris,value,room,value,
d1_europe:edd4838d7788,Milan,value,room,value,
d1_europe:ee01c71902dd,London,value,room,value,
d1_europe:ee886e09daae,London,breakfast,service,breakfast,
d1_europe:eed4d8ba917a,Paris,room,room,room,
d1_europe:eedd52ee1e17,London,breakfast,room,room,
d1_europe:ef0bf6749591,Vienna,value,room,value,
d1_europe:ef610c92db60,Milan,noise,room,noise,
d1_europe:ef9659d2823d,Paris,value,room,room,
d1_europe:efb254a46f17,Milan,value,service,value,
d1_europe:f0179d9287ca,London,value,room,value,
d1_europe:f02a389723bf,Paris,breakfast,room,breakfast,
d1_europe:f0a151f55560,London,value,breakfast,value,
d1_europe:f0b55e6ae180,London,value,room,value,
d1_europe:f0bf65bf92b0,Barcelona,room,room,room,
d1_europe:f0d8502a7bc8,Vienna,noise,room,value,
d1_europe:f0e51d8045d0,Paris,room,room,room,
d1_europe:f14c6faef230,Barcelona,value,room,value,
d1_europe:f16347876ea4,Milan,room,room,room,
d1_europe:f1b1bc40d25c,Barcelona,cleanliness,room,room,
d1_europe:f1b6d234f232,Milan,room,room,room,
d1_europe:f1cc4413ebf2,London,value,room,value,
d1_europe:f1f104f375ee,London,value,room,value,
d1_europe:f22337f6948b,Barcelona,value,room,value,
d1_europe:f2775c4c9a84,Paris,room,room,room,
d1_europe:f2ebc806ede1,Milan,noise,room,noise,
d1_europe:f31bd12ab79f,Paris,room,room,room,
d1_europe:f3241063a0b6,Paris,noise,room,noise,
d1_europe:f35768eaa92e,Paris,room,room,room,
d1_europe:f368a6644a2c,Paris,room,room,noise,
d1_europe:f39416febaf2,Amsterdam,value,room,value,
d1_europe:f39684512b07,Paris,value,room,value,
d1_europe:f3ae035d8869,Vienna,value,room,value,
d1_europe:f3da10a4d3bd,Vienna,value,room,value,
d1_europe:f3e229e3b461,Vienna,cleanliness,cleanliness,cleanliness,Insufficient evidence to recommend an action.
d1_europe:f3e9fb2feeb2,Milan,noise,service,noise,
d1_europe:f46b738dc06a,Paris,noise,room,noise,
d1_europe:f475361a8052,Barcelona,value,service,value,
d1_europe:f4d45ff35e6b,Vienna,value,breakfast,value,
d1_europe:f4d468ead2d6,Paris,breakfast,room,room,
d1_europe:f4e3f29196ab,London,value,room,value,
d1_europe:f4ecb6804d1d,London,cleanliness,room,cleanliness,
d1_europe:f515ba043c7d,Vienna,noise,room,noise,
d1_europe:f55c4070ba35,Paris,room,room,room,Insufficient evidence to recommend an action.
d1_europe:f581d0fe454e,Barcelona,value,room,value,
d1_europe:f5abd1dffc09,Milan,breakfast,breakfast,breakfast,
d1_europe:f5af11ef65a6,Amsterdam,value,room,value,
d1_europe:f5c0fbfc4188,London,value,room,room,
d1_europe:f5f7111049aa,London,breakfast,room,breakfast,
d1_europe:f63a8d6efc2f,Paris,noise,room,noise,
d1_europe:f658969bc4f7,Paris,room,room,room,
d1_europe:f67a5ef52202,Vienna,noise,room,noise,
d1_europe:f6c00afc1498,Paris,breakfast,room,breakfast,
d1_europe:f7003dbd8453,Paris,value,room,value,Insufficient evidence to recommend an action.
d1_europe:f718fd0ed82f,London,value,service,value,
d1_europe:f746113ef99d,Vienna,room,room,room,
d1_europe:f78f4f9f9253,London,value,room,value,
d1_europe:f7f63b420783,London,value,room,value,
d1_europe:f81a47ed4fe0,Paris,room,room,room,
d1_europe:f86ed2d84512,London,value,room,value,
d1_europe:f88b1acee2f2,Vienna,noise,room,noise,
d1_europe:f8ccf8d8dafe,London,cleanliness,cleanliness,cleanliness,Insufficient evidence to recommend an action.
d1_europe:f8fd31c2a193,Amsterdam,noise,room,room,
d1_europe:f904bda85fb7,Paris,value,room,value,
d1_europe:f957f2364d03,Vienna,service,service,service,Insufficient evidence to recommend an action.
d1_europe:f98344dea4b2,Amsterdam,noise,room,noise,
d1_europe:f98801b51393,Barcelona,value,room,room,
d1_europe:f9c05c985d15,London,value,room,value,
d1_europe:f9c973e1fb8f,Paris,noise,noise,noise,
d1_europe:f9d6a0a2d1d3,Milan,noise,room,noise,
d1_europe:f9eeccb081f2,London,value,room,value,
d1_europe:fa029c4db23e,Paris,value,room,value,
d1_europe:fa1b60656711,Paris,breakfast,room,breakfast,Insufficient evidence to recommend an action.
d1_europe:fa1d70ba8360,Paris,breakfast,room,room,
d1_europe:fa2b50d9a4ea,Paris,noise,room,noise,
d1_europe:fa69e0253db4,Milan,noise,room,value,
d1_europe:faaf45db9637,Barcelona,breakfast,room,breakfast,
d1_europe:fab6d80d7d91,Milan,value,breakfast,value,Insufficient evidence to recommend an action.
d1_europe:fad3a48e2fdf,Paris,breakfast,service,breakfast,
d1_europe:fb1856077397,Amsterdam,value,room,value,
d1_europe:fb3fddb2ae8e,London,noise,room,room,
d1_europe:fb48c50015b5,Paris,value,room,value,
d1_europe:fb827cf4f3fc,Paris,breakfast,breakfast,breakfast,
d1_europe:fb833aae20b8,Milan,noise,room,noise,
d1_europe:fb9c28afba73,Barcelona,value,room,room,
d1_europe:fbafd3685aee,Vienna,value,room,value,
d1_europe:fbcf96767ab3,Paris,room,room,breakfast,
d1_europe:fc1bcb92adc8,London,breakfast,room,breakfast,
d1_europe:fc2ae79775a0,London,breakfast,room,breakfast,
d1_europe:fc45155ac361,Paris,breakfast,breakfast,breakfast,
d1_europe:fc9eaaf063d0,Vienna,cleanliness,room,cleanliness,
d1_europe:fce65a27f0d7,Barcelona,value,room,value,
d1_europe:fce8463c35c4,London,breakfast,room,breakfast,
d1_europe:fd00bb1c94cb,Paris,breakfast,room,breakfast,
d1_europe:fda26654aa1c,Amsterdam,value,value,value,
d1_europe:fdc3fd086704,Vienna,value,room,value,
d1_europe:fdc65eda150b,London,value,room,value,
d1_europe:fe00826c8c5a,London,value,room,value,
d1_europe:fe5c511caf6e,London,value,room,value,
d1_europe:fea3d3bcb58b,Barcelona,value,room,value,
d1_europe:ff0f36805de9,London,noise,room,noise,
d1_europe:ff44b2d166d0,Paris,room,breakfast,cleanliness,
d1_europe:ff5d3d53426c,Paris,room,room,cleanliness,
d1_europe:fff09d3717fb,Paris,breakfast,room,breakfast,
